,type,reply_with,show_buttons,ENGLISH,Hindi,Malayalam,Oriya,Gujarati,Marathi,Bengali,Kannada,Tamil
Translated by,,,,Krushna,Shrey,Google,,Google,,,,
Proofread by,,,,Neo/Jiju,Krushna,Neo,,Krushna,,,,
All fields highlighed in this color should be proofread again,,,,,Fields which have been confirmed proofread can be highlighted green,,,,,,,
s1,from_bot,,,Hello. This bot will help in answering common queries about Covid-19 vaccination.,नमस्ते। यह बॉट कोविड-19 टीकाकरण के बारे में सामान्य प्रश्नों के उत्तर देने में मदद करेगा।,ഹലോ. കോവിഡ് -19 വാക്സിനേഷനെക്കുറിച്ചുള്ള പൊതുവായ ചോദ്യങ്ങൾക്ക് ഉത്തരം നൽകാൻ ഈ ബോട്ട് സഹായിക്കും.,ନମସ୍କାର। Covid-19 ଟୀକାକରଣ ବିଷୟରେ ସାଧାରଣ ପ୍ରଶ୍ନର ଉତ୍ତର ଦେବାରେ ଏହି ବଟ୍ ସାହାଯ୍ୟ କରିବ |,નમસ્તે. આ બોટ કોવિડ -19 રસીકરણ વિશેના સામાન્ય પ્રશ્નોના જવાબો આપતા મદદ કરશે.,नमस्कार. हे बॉट कॉव्हिड -1 9 लसीकरण बद्दल सामान्य प्रश्नांची उत्तरे देण्यास मदत करेल.,হ্যালো. এই বটটি Covid-19 টি টিকা সম্পর্কে সাধারণ প্রশ্নের উত্তর দিতে সহায়তা করবে।,ಹಲೋ. COVID-19 ವ್ಯಾಕ್ಸಿನೇಷನ್ ಬಗ್ಗೆ ಸಾಮಾನ್ಯ ಪ್ರಶ್ನೆಗಳಿಗೆ ಉತ್ತರಿಸುವಲ್ಲಿ ಈ ಬೋಟ್ ಸಹಾಯ ಮಾಡುತ್ತದೆ.,வணக்கம். இந்த போட் Covid-19 தடுப்பூசியைப் பற்றி பொதுவான கேள்விகளுக்கு பதிலளிப்பதில் உதவும்.
s2,from_bot,,,Please choose your age,कृपया अपनी उम्र चुनें,നിങ്ങളുടെ പ്രായം തിരഞ്ഞെടുക്കുക,ଦୟାକରି ଆପଣଙ୍କର ବୟସ ବାଛନ୍ତୁ |,કૃપા કરીને તમારી ઉંમર પસંદ કરો,कृपया आपले वय निवडा,আপনার বয়স নির্বাচন করুন,ದಯವಿಟ್ಟು ನಿಮ್ಮ ವಯಸ್ಸನ್ನು ಆಯ್ಕೆ ಮಾಡಿ,உங்கள் வயதைத் தேர்ந்தெடுக்கவும்
s3,from_user,s5,"s52,s53,s65",Under 18 years,18 साल से कम,18 വയസ്സിന് താഴെ,18 ବର୍ଷରୁ କମ୍,18 વર્ષથી ઓછી ઉંમરના,18 वर्षांपेक्षा कमी,18 বছরের কম বয়সী,18 ವರ್ಷಗಳಲ್ಲಿ,18 ஆண்டுகளுக்கு கீழ்
s4,from_user,s6,"s55,s7,s65",18 years or above,18 वर्ष या उससे अधिक,18 വയസിനു മേലെ,18 ବର୍ଷ କିମ୍ବା ତଦୁର୍ଦ୍ଧ |,18 વર્ષ અથવા તેથી વધુ,18 वर्षे किंवा त्यापेक्षा जास्त,18 বছর বা তার বেশি,18 ವರ್ಷ ಅಥವಾ ಅದಕ್ಕಿಂತ ಹೆಚ್ಚು,18 ஆண்டுகள் அல்லது அதற்கு மேல்
s5,from_bot,,,"As per the Govt of India guidelines, people under 18 years of age are not eligible for covid vaccination as of now. We will update the bot if there are any changes to this policy.","भारत सरकार के दिशानिर्देशों के अनुसार, 18 वर्ष से कम आयु के लोग अभी तक कोविड टीकाकरण के लिए पात्र नहीं हैं। अगर इस नीति में कोई बदलाव होता है तो हम बॉट को अपडेट कर देंगे।","ഇന്ത്യൻ ഗവൺമെന്റിന്റെ മാർഗ്ഗനിർദ്ദേശങ്ങൾ അനുസരിച്ച്, 18 വയസ്സിന് താഴെയുള്ളവർക്ക് ഇപ്പോൾ കോവിഡ് വാക്സിനേഷന് അർഹതയില്ല. ഈ നയത്തിൽ എന്തെങ്കിലും മാറ്റങ്ങളുണ്ടെങ്കിൽ ഞങ്ങൾ ബോട്ട് അപ്‌ഡേറ്റ് ചെയ്യുന്നതായിരിക്കും","ଭାରତ ସରକାରଙ୍କ ନିର୍ଦ୍ଦେଶାବଳୀ ଅନୁଯାୟୀ, ୧୮ ବର୍ଷରୁ କମ୍ ବୟସର ଲୋକମାନେ ବର୍ତ୍ତମାନ ସୁଦ୍ଧା କୋଭିଡ୍ ଟୀକାକରଣ ପାଇଁ ଯୋଗ୍ୟ ନୁହଁନ୍ତି |  ଯଦି ଏହି ନୀତିରେ କିଛି ପରିବର୍ତ୍ତନ ଆସେ ତେବେ ଆମେ ବଟ୍ ଅପଡେଟ୍ କରିବୁ |",ભારત સરકારના માર્ગદર્શિકા મુજબ 18 વર્ષથી ઓછી ઉંમરના લોકો હમણાં સુધી કોવિડ રસીકરણ માટે પાત્ર નથી. જો આ નીતિમાં કોઈ ફેરફાર કરવામાં આવે તો અમે બોટને અપડેટ કરીશું.,"भारताच्या मार्गदर्शक तत्वांनुसार, 18 वर्षाखालील लोक आता म्हणून कॉव्हिड लसीकरणासाठी पात्र नाहीत. या धोरणात कोणतेही बदल असल्यास आम्ही बॉट अद्यतनित करू.","ভারত সরকারের নির্দেশ অনুসারে, 18 বছরের কম বয়সী লোকেরা এখন যেমন covid টিকা জন্য যোগ্য নয়। এই নীতিতে কোন পরিবর্তন থাকলে আমরা বটটি আপডেট করব।","ಭಾರತ ಮಾರ್ಗದರ್ಶಿ ಸೂತ್ರಗಳ ಪ್ರಕಾರ, 18 ವರ್ಷಕ್ಕಿಂತ ಕಡಿಮೆ ವಯಸ್ಸಿನ ಜನರು ಈಗ ಕೊವಿಡ್ ವ್ಯಾಕ್ಸಿನೇಷನ್ಗೆ ಅರ್ಹರಾಗಿರುವುದಿಲ್ಲ. ಈ ನೀತಿಗೆ ಯಾವುದೇ ಬದಲಾವಣೆಗಳಿದ್ದರೆ ನಾವು ಬೋಟ್ ಅನ್ನು ನವೀಕರಿಸುತ್ತೇವೆ.","இந்தியாவின் வழிகாட்டுதல்களின் படி, 18 வயதிற்கு உட்பட்ட மக்கள் இப்போது கோவிட் தடுப்பூசிக்கு தகுதியற்றவர்கள் அல்ல. இந்த கொள்கையில் ஏதேனும் மாற்றங்கள் இருந்தால் நாங்கள் போட் புதுப்பிப்போம்."
s6,from_bot,,,Select your sex,अपना लिंग चुनें,നിങ്ങളുടെ ലിംഗഭേദം തിരഞ്ഞെടുക്കുക,ଆପଣଙ୍କର ଲିଙ୍ଗ ଚୟନ କରନ୍ତୁ |,તમારું લિંગ પસંદ કરો,आपले लिंग निवडा,আপনার লিঙ্গ নির্বাচন করুন,ನಿಮ್ಮ ಸೆಕ್ಸ್ ಅನ್ನು ಆಯ್ಕೆ ಮಾಡಿ,உங்கள் செக்ஸ் தேர்ந்தெடுக்கவும்
s55,from_user,s16,"s17,s56,s15,s52,s53,s65",Male,पुरुष,പുരുഷൻ,ପୁରୁଷ,પુરુષ,,,,
s7,from_user,s8,"s9,s11,s13,s57,s53,s65",Female,महिला,സ്ത്രീ,ମହିଳା,સ્ત્રી,महिला,মহিলা,ಸ್ತ್ರೀ,பெண்
s8,from_bot,,,Choose your question,अपना प्रश्न चुनें,നിങ്ങളുടെ ചോദ്യം തിരഞ്ഞെടുക്കുക,ଆପଣଙ୍କର ପ୍ରଶ୍ନ ବାଛନ୍ତୁ |,તમારો પ્રશ્ન પસંદ કરો,आपला प्रश्न निवडा,আপনার প্রশ্ন নির্বাচন করুন,ನಿಮ್ಮ ಪ್ರಶ್ನೆಯನ್ನು ಆರಿಸಿ,உங்கள் கேள்வியைத் தேர்வுசெய்யவும்
s9,from_user,s10,"s9,s11,s13,s57,s53,s65",Can I get vaccinated while having periods?,क्या मैं पीरियड्स के दौरान टीका लगवा सकती हूं?,പിരിയഡ് ഉള്ളപ്പോൾ എനിക്ക് വാക്സിനേഷൻ എടുക്കാമോ?,ମାସିକ ଋତୁସ୍ରାବ ସମୟରେ ମୁଁ ଟୀକାକରଣ କରିପାରିବି କି?,શું હું પીરિયડ્સ દરમિયાન રસી લઈ શકું છું?,कालांतराने मला लसीकरण मिळू शकेल का?,সময়কাল থাকার সময় আমি কি টিকা পেতে পারি?,ಅವಧಿಗಳನ್ನು ಹೊಂದಿರುವಾಗ ನಾನು ಲಸಿಕೆಯನ್ನು ಪಡೆಯಬಹುದೇ?,காலங்களில் நான் தடுப்பூசி பெற முடியுமா?
s10,from_bot,,,"Yes. There is no restriction to getting vaccinated during menstrual periods. However if you have a choice, it is better to get vaccinated about 5-7 days after periods as hormone levels will be stable at that point.","हाँ। मासिक के दौरान टीका लगवाने पर कोई प्रतिबंध नहीं है। हालाँकि, यदि आपके पास कोई विकल्प है, तो मासिक खत्म होने के लगभग 5-7 दिनों के बाद टीका लगवाना बेहतर होगा क्योंकि उस समय हार्मोन का स्तर स्थिर रहेगा।","അതെ. ആർത്തവ കാലയളവിൽ വാക്സിനേഷൻ ലഭിക്കുന്നതിന് യാതൊരു നിയന്ത്രണവുമില്ല. എന്നിരുന്നാലും, നിങ്ങൾക്ക് ഒരു ചോയ്സ് ഉണ്ടെങ്കിൽ, ഹോർമോൺ ലെവലുകൾ ആ സമയത്ത് ഹോർമോൺ ലെവലുകൾ സ്ഥിരതയുള്ളതിനാൽ ഏകദേശം 5-7 ദിവസങ്ങൾക്ക് ശേഷം വാക്സിനേറ്റ് ചെയ്യുന്നതാണ് നല്ലത്.","ହଁ । ମାସିକ ଋତୁସ୍ରାବ ସମୟରେ ଟୀକାକରଣ ପାଇଁ କୌଣସି ପ୍ରତିବନ୍ଧକ ନାହିଁ |  ଯଦି ଆପଣଙ୍କ ପାଖରେ ବିକଳ୍ପ ଅଛି, ତେବେ ଋତୁସ୍ରାବର ପ୍ରାୟ ୫-୭ ଦିନ ପରେ ଟୀକାକରଣ କରିବା ଭଲ, କାରଣ ସେହି ସମୟରେ ହରମୋନ୍ ସ୍ତର ସ୍ଥିର ରହିବ |","હા. માસિક સ્રાવ દરમિયાન રસી લેવા માટે કોઈ પ્રતિબંધ નથી. જો તમારી પાસે સુવિધા હોય, તો પીરિયડ્સના લગભગ 5-7 દિવસ પછી રસી લેવાનું વધુ સારું છે કારણ કે તે સમયે હોર્મોનનું સ્તર સ્થિર રહેશે.","होय. मासिक पाळीच्या काळात लसीकरण करण्यासाठी कोणतेही बंधन नाही. तथापि आपल्याकडे पर्याय असल्यास, त्या वेळी हार्मोन पातळी स्थिर असेल म्हणून कमी होणे चांगले आहे.",হ্যাঁ. মাসিক সময়কালের সময় টিকা পাওয়ার কোন সীমাবদ্ধতা নেই। তবে আপনার যদি কোনও পছন্দ থাকে তবে হরমোনের মাত্রাটি সেই সময়ে স্থিতিশীল হবে।,"ಹೌದು. ಋತುಚಕ್ರದ ಅವಧಿಯಲ್ಲಿ ಲಸಿಕೆಯನ್ನು ಪಡೆಯುವಲ್ಲಿ ಯಾವುದೇ ನಿರ್ಬಂಧವಿಲ್ಲ. ಆದಾಗ್ಯೂ, ಆ ಸಮಯದಲ್ಲಿ ಹಾರ್ಮೋನ್ ಮಟ್ಟಗಳು ಸ್ಥಿರವಾಗಿರುವುದರಿಂದ ನೀವು 5-7 ದಿನಗಳ ನಂತರ 5-7 ದಿನಗಳವರೆಗೆ ಲಸಿಕೆಯನ್ನು ಪಡೆಯುವುದು ಉತ್ತಮ.","ஆம். மாதவிடாய் காலங்களில் தடுப்பூசி பெறுவதற்கான கட்டுப்பாடு இல்லை. இருப்பினும் உங்களுக்கு ஒரு தேர்வு இருந்தால், ஹார்மோன் அளவுகள் அந்த கட்டத்தில் நிலையானதாக இருக்கும் என காலங்களில் 5-7 நாட்களுக்குப் பிறகு தடுப்பூசி பெற நல்லது."
s11,from_user,s12,"s9,s11,s13,s57,s53,s65",Can pregnant women get the covid vaccine?,क्या गर्भवती महिला कोविड 19 का टीका लगवा सकती है?,ഗർഭിണികൾക്ക് കോവിഡ് വാക്സിൻ ലഭിക്കുമോ?,ଗର୍ଭବତୀ ମହିଳାମାନେ କୋଭିଡ୍ ଟିକା ପାଇପାରିବେ କି ?,શું ગર્ભવતી સ્ત્રીઓ કોવિડ -19 રસી લગાવડાવી શકે છે?,गर्भवती महिलांना कॉव्हिड लसी मिळू शकेल का?,গর্ভবতী মহিলাদের covid ভ্যাকসিন পেতে পারেন?,ಗರ್ಭಿಣಿ ಮಹಿಳೆಯರು ಕೋವಿಡ್ ಲಸಿಕೆ ಪಡೆಯುತ್ತಾರೆಯೇ?,கர்ப்பமாக இருக்கும் பெண்கள் கோவிட் தடுப்பூசி பெற முடியுமா?
s12,from_bot,,,Please get vaccinated in consultation with your gynaecologist.,कृपया अपने स्त्री रोग विशेषज्ञ के परामर्श से टीका लगवाएं।,നിങ്ങളുടെ ഗൈനക്കോളജിസ്റ്റുമായി കൂടിയാലോചിച്ച് വാക്സിനേഷൻ നൽകുക.,ଦୟାକରି ଆପଣଙ୍କର ସ୍ତ୍ରୀ ରୋଗ ବିଶେଷଜ୍ଞଙ୍କ ପରାମର୍ଶରେ ଟୀକାକରଣ କରନ୍ତୁ |,કૃપા કરીને તમારા સ્ત્રીરોગચિકિત્સકની સલાહ લીધા પછી રસી લો.,कृपया आपल्या स्त्रीवंशशास्त्रज्ञांशी सल्लामसलत करून लसीकरण करा.,আপনার gynecologist সঙ্গে পরামর্শ মধ্যে টিকা পেতে দয়া করে।,ನಿಮ್ಮ ಸ್ತ್ರೀರೋಗತಜ್ಞರೊಂದಿಗೆ ಸಮಾಲೋಚನೆಯಲ್ಲಿ ಲಸಿಕೆಯನ್ನು ನೀಡಿ.,உங்கள் மகளிர் வல்லுனருடன் ஆலோசனை செய்வதில் தடுப்பூசி பெறவும்.
s13,from_user,s14,"s9,s11,s13,s57,s53,s65",Can breastfeeding women get the covid vaccine?,क्या स्तनपान कराने वाली महिलाओं को कोविड का टीका लग सकता है?,മുലയൂട്ടൽ സ്ത്രീകൾക്ക് കോവിഡ് വാക്സിൻ ലഭിക്കുമോ?,ସ୍ତନ୍ୟପାନ କରାଉଥିବା ମହିଳାମାନେ କୋଭିଡ୍ ଟିକା ପାଇପାରିବେ କି ?,શું સ્તનપાન કરાવતી મહિલાઓને કોવિડ રસી મળી શકે છે?,स्तनपान करणारी महिलांना कॉव्हिड लसी मिळू शकेल का?,বুকের দুধ খাওয়ানোর নারীরা কি কোভিড ভ্যাকসিন পেতে পারে?,ಸ್ತನ್ಯಪಾನ ಮಾಡುವ ಮಹಿಳೆಯರು ಕೋವಿಡ್ ಲಸಿಕೆ ಪಡೆಯುತ್ತಾರೆಯೇ?,பெண்களுக்கு தாய்ப்பால் கொடுப்பது Covid தடுப்பூசி பெற முடியுமா?
s14,from_bot,,,Please get vaccinated. All approved vaccines are safe for  lactating mothers.,कृपया टीका लगवाएं। सभी स्वीकृत टीके स्तनपान कराने वाली माताओं के लिए सुरक्षित हैं।,വാക്സിനേഷൻ നൽകുക. മുലയൂട്ടുന്ന എല്ലാ അംഗീകൃത വാക്സിനുകളും സുരക്ഷിതമാണ്.,ଦୟାକରି ଟୀକାକରଣ କରି ନିଅନ୍ତୁ |  ସ୍ତନ୍ୟପାନ କରାଉଥିବା ମା ମାନଙ୍କ ପାଇଁ ସମସ୍ତ ଅନୁମୋଦିତ ଟିକା ସୁରକ୍ଷିତ ଅଟେ |,કૃપા કરીને રસી લો. બધી માન્ય રસીઓ સ્તનપાન કરાવતી માતા માટે સલામત છે.,कृपया लसी घ्या. सर्व मान्यताप्राप्त लसी स्तनपान करणारी आई सुरक्षित आहे.,টিকা পেতে দয়া করে। সমস্ত অনুমোদিত টিকা lactating মায়ের জন্য নিরাপদ।,ದಯವಿಟ್ಟು ಲಸಿಕೆಯನ್ನು ಪಡೆದುಕೊಳ್ಳಿ. ಎಲ್ಲಾ ಅನುಮೋದಿತ ಲಸಿಕೆಗಳು ಹಾಲುಣಿಸುವ ತಾಯಂದಿರಿಗೆ ಸುರಕ್ಷಿತವಾಗಿರುತ್ತವೆ.,தயவுசெய்து தடுப்பூசி பெறவும். அனைத்து அங்கீகரிக்கப்பட்ட தடுப்பூசிகள் பாலூட்டும் தாய்மார்களுக்கு பாதுகாப்பாக உள்ளன.
s57,from_user,s16,"s17,s56,s15,s52,s53,s65",Other vaccination related queries,टीकाकरण संबंधित अन्य प्रश्न,,ଅନ୍ୟାନ୍ୟ ଟୀକାକରଣ ସମ୍ବନ୍ଧୀୟ ପ୍ରଶ୍ନଗୁଡିକ |,રસીકરણ સંબંધિત અન્ય પ્રશ્નો,,,,
s16,from_bot,,"s17,s56,s15,s52,s53",Select the broad nature of your query.,अपने सवाल की व्यापक प्रकृति का चयन करें।,നിങ്ങളുടെ ചോദ്യത്തിന്റെ വിശാലമായ സ്വഭാവം തിരഞ്ഞെടുക്കുക.,ଆପଣଙ୍କର ଜିଜ୍ଞାସାର ବ୍ୟାପକ ପ୍ରକୃତି ଚୟନ କରନ୍ତୁ |,તમારા સવાલ ની વ્યાપક પ્રકૃતિ પસંદ કરો.,आपल्या क्वेरीची विस्तृत निसर्ग निवडा.,আপনার প্রশ্নের বিস্তৃত প্রকৃতি নির্বাচন করুন।,ನಿಮ್ಮ ಪ್ರಶ್ನೆಯ ವಿಶಾಲ ಸ್ವಭಾವವನ್ನು ಆಯ್ಕೆಮಾಡಿ.,உங்கள் வினவலின் பரந்த தன்மையைத் தேர்ந்தெடுக்கவும்.
s17,from_user,s8,"s19,s21,s22,s23,s25,s51,s53,s65",Questions regarding eligibility for vaccination,टीकाकरण के लिए पात्रता के संबंध में प्रश्न,വാക്സിനേഷന് യോഗ്യതയെക്കുറിച്ചുള്ള ചോദ്യങ്ങൾ,ଟୀକାକରଣ ପାଇଁ ଯୋଗ୍ୟତା ସମ୍ବନ୍ଧରେ ପ୍ରଶ୍ନ |,રસી લેવાની યોગ્યતા સંબંધિત પ્રશ્નો,लसीकरण साठी पात्रता संबंधित प्रश्न,টিকা জন্য যোগ্যতা সংক্রান্ত প্রশ্ন,ಲಸಿಕೆಗಾಗಿ ಅರ್ಹತೆ ಬಗ್ಗೆ ಪ್ರಶ್ನೆಗಳು,தடுப்பூசி தகுதி பற்றிய கேள்விகள்
s56,from_user,s8,"s58,s27,s29,s31,s51,s53,s65",Post vaccination queries,टीकाकरण के बाद पूछे जाने वाले प्रश्न,,ଟୀକାକରଣର ପରବର୍ତ୍ତୀ ସମୟର ସମ୍ବନ୍ଧିତ ପ୍ରଶ୍ନ।,રસીકરણ પછી ઉભા થતા પ્રશ્નો ,,,,
s15,from_user,s8,"s59,s33,s35,s37,s39,s41,s43,s45,s47,s49,s51,s53,s65",General vaccination related queries.,टीकाकरण संबंधित आमतौर पर पूछे जाने वाले प्रश्न,പൊതുവായ കുത്തിവയ്പ്പ് ബന്ധപ്പെട്ട ചോദ്യങ്ങൾ.,ସାଧାରଣ ଟୀକାକରଣ ସମ୍ବନ୍ଧୀୟ ପ୍ରଶ୍ନଗୁଡ଼ିକ |,રુટિન રસીકરણ સંબંધિત પ્રશ્નો.,सामान्य लसीकरण संबंधित क्वेरी.,সাধারণ টিকা সম্পর্কিত প্রশ্ন।,ಸಾಮಾನ್ಯ ವ್ಯಾಕ್ಸಿನೇಷನ್ ಸಂಬಂಧಿತ ಪ್ರಶ್ನೆಗಳು.,பொது தடுப்பூசி தொடர்பான கேள்விகள்.
s19,from_user,s20,"s19,s21,s22,s23,s25,s16,s51,s53,s65",I was previously infected with covid 19. When am I eligible to take the vaccine?,मुझे पहले कोविड-19 संक्रमण हो चुका है । मैं टीका लेने के लिए कब योग्य हूं?,ഞാൻ മുമ്പ് കോണിഡ് 19.. വാക്സിൻ എടുക്കാൻ ഞാൻ യോഗ്യനാകുമോ?,ମୁଁ ପୂର୍ବରୁ କୋଭିଡ ୧୯ ଦ୍ବାରା ସଂକ୍ରମିତ ହୋଇଥିଲି। ମୁଁ କେବେ ଟିକା ନେବାକୁ ଯୋଗ୍ୟ?,મને થોડા સમય પેહલા કોવિડ -19 ચેપ લાગ્યો હતો. હું કેટલા સમય પછી રસી લઈ શકું છું?,मी पूर्वी कॉव्हिड 1 9 सह संक्रमित होते. मी लसी घेण्यास पात्र आहे का?,আমি পূর্বে Covid 19 সঙ্গে সংক্রামিত ছিল। আমি কখন ভ্যাকসিন নিতে যোগ্য?,ನಾನು ಹಿಂದೆ ಕೋವಿಡ್ 19 ರ ಸೋಂಕಿತನಾಗಿದ್ದೆ. ಲಸಿಕೆ ತೆಗೆದುಕೊಳ್ಳಲು ನಾನು ಅರ್ಹನಾಗಿರುತ್ತೇನೆ?,நான் முன்பு எதிர்பார்த்திருந்தேன் 19. நான் தடுப்பூசி எடுக்க தகுதியுடையவரா?
s20,from_bot,,,"Get vaccinated 90 days after recovering from covid infection. Date of recovery is considered to be date of discharge for hospitalized patients. For patients who have been treated at home, take the vaccine 104 days from the date of diagnosis. (14 days is the typical disease cycle + 90 days post recovery)","कोविड संक्रमण से ठीक होने के 90 दिन बाद टीका लगवाएं। अस्पताल में भर्ती मरीजों के लिए ठीक होने की तारीख को छुट्टी की तारीख माना जाता है। जिन रोगियों का इलाज घर पर किया गया है, वह निदान की तारीख से 104 दिन बाद टीका लगवाएं। (14 दिन सामान्य रोग चक्र है + 90 दिन ठीक होने के बाद)","കോവിദ് അണുബാധയിൽ നിന്ന് കരകയണിച്ച് 90 ദിവസത്തേക്ക് വാക്സിനേഷൻ നേടുക. ആശുപത്രിയിൽ പ്രവേശിച്ച രോഗികൾക്ക് ഡിസ്ചാർജ് ചെയ്യുന്ന തീയതിയായി വീണ്ടെടുക്കൽ തീയതി കണക്കാക്കപ്പെടുന്നു. വീട്ടിൽ ചികിത്സിച്ച രോഗികൾക്ക്, രോഗനിർണയ തീയതി മുതൽ വാക്സിൻ 104 ദിവസം എടുക്കുക. (14 ദിവസം സാധാരണ രോഗശാന്തി സൈക്കിൾ + 90 ദിവസം പോസ്റ്റ് വീണ്ടെടുക്കൽ)",କୋଭିଡ ସଂକ୍ରମଣରୁ ସୁସ୍ଥ ହେବାର ୯୦ ଦିନ ପରେ ଟୀକାକରଣ କରନ୍ତୁ |  ପୁନରୁଦ୍ଧାର ତାରିଖ ହସ୍ପିଟାଲରେ ଭର୍ତ୍ତି ରୋଗୀଙ୍କ ପାଇଁ ଡିସଚାର୍ଜ ତାରିଖ ବୋଲି ବିବେଚନା କରାଯାଏ |  ଘରେ ଚିକିତ୍ସିତ ହେଉଥିବା ରୋଗୀଙ୍କ ପାଇଁ ରୋଗ ନିର୍ଣ୍ଣୟ ଦିନଠାରୁ ୧୦୪ ଦିନ ପରେ ଟିକା ନିଅନ୍ତୁ।  (୧୪ ଦିନ ହେଉଛି ସାଧାରଣ ରୋଗ ଚକ୍ର + ପୁନରୁଦ୍ଧାରର 90 ଦିନ ପରେ),"કોવિડ ઇન્ફેક્શન માંથી સ્વસ્થ થયા ના 90 દિવસ પછી રસી લાગાવડાવો. હોસ્પિટલમાં દાખલ થયેલ દર્દીઓ માટે રાજાની તારીખ ને રિકોવરી ની તારીખ માનવામાં આવે છે. જે દર્દીઓની ઘરે સારવાર કરવામાં આવી હોય, તે નિદાનની તારીખથી 104 દિવસ પછી રસી લઈ શકે છે. (14 દિવસ સામાન્ય રોગ ચક્ર છે + રિકવરી ના 90 દિવસ પછી નો સમય)","कॉव्हिड संसर्गातून पुनर्प्राप्त झाल्यानंतर 90 दिवसांची लसी घ्या. रुग्णालयात दाखल झालेल्या रुग्णांसाठी पुनर्प्राप्तीची तारीख डिस्चार्जची तारीख मानली जाते. घरी उपचार करणार्या रूग्णांसाठी, निदान तारखेपासून 104 दिवसांची लस घ्या. (14 दिवस ठराविक रोग सायकल + 9 0 दिवस पोस्ट पुनर्प्राप्ती आहे)","Covid সংক্রমণ থেকে পুনরুদ্ধারের পর 90 দিন টিকা পান। পুনরুদ্ধারের তারিখ হাসপাতালে ভর্তি রোগীদের জন্য স্রাব তারিখ বলে মনে করা হয়। বাড়িতে চিকিত্সা করা রোগীদের জন্য, নির্ণয়ের তারিখ থেকে 104 দিন টিকা নিন। (14 দিন সাধারণত রোগের চক্র + 90 দিন পোস্ট পুনরুদ্ধার)","ಕೊವಿಡ್ ಸೋಂಕಿನಿಂದ ಚೇತರಿಸಿಕೊಂಡ ನಂತರ 90 ದಿನಗಳ ಲಸಿಕೆಯನ್ನು ಪಡೆಯಿರಿ. ರಿಕವರಿ ದಿನಾಂಕವು ಆಸ್ಪತ್ರೆಯ ರೋಗಿಗಳಿಗೆ ಡಿಸ್ಚಾರ್ಜ್ನ ದಿನಾಂಕ ಎಂದು ಪರಿಗಣಿಸಲಾಗಿದೆ. ಮನೆಯಲ್ಲಿ ಚಿಕಿತ್ಸೆ ಪಡೆದ ರೋಗಿಗಳಿಗೆ, ರೋಗನಿರ್ಣಯದ ದಿನಾಂಕದಿಂದ ಲಸಿಕೆ 104 ದಿನಗಳನ್ನು ತೆಗೆದುಕೊಳ್ಳಿ. (14 ದಿನಗಳು ವಿಶಿಷ್ಟ ರೋಗ ಚಕ್ರ + 90 ದಿನಗಳ ಪೋಸ್ಟ್ ಮರುಪಡೆಯುವಿಕೆ)","Covid தொற்று இருந்து மீட்க பிறகு 90 நாட்கள் தடுப்பூசி பெற. மீட்பு தேதி மருத்துவமனையில் நோயாளிகளுக்கு வெளியேற்றும் தேதி என்று கருதப்படுகிறது. வீட்டிலேயே சிகிச்சை பெற்ற நோயாளிகளுக்கு, நோயறிதலிலிருந்து தடுப்பூசி 104 நாட்களை எடுத்துக் கொள்ளுங்கள். (14 நாட்கள் வழக்கமான நோய் சுழற்சி + 90 நாட்கள் போஸ்ட் மீட்பு)"
s21,from_user,s24,"s19,s21,s22,s23,s25,s16,s51,s53,s65","I have diabetes, blood pressure or asthma. Can I take the vaccine?","मुझे मधुमेह (डायबिटीज़), ब्लड प्रेशर या एस्थमा है। क्या मैं वैक्सीन ले सकता हूँ?","എനിക്ക് പ്രമേഹം, രക്തസമ്മർദ്ദം അല്ലെങ്കിൽ ആസ്ത്മ എന്നിവയുണ്ട്. എനിക്ക് വാക്സിൻ എടുക്കാമോ?","ମୋର ମଧୁମେହ, ରକ୍ତଚାପ କିମ୍ବା ଶ୍ୱାସରୋଗ ଅଛି |  ମୁଁ ଟିକା ନେଇ ପାରିବି କି ?","મને ડાયાબિટીઝ, બ્લડ પ્રેશર અથવા દમ છે. શું હું રસી લઈ શકું?","मला मधुमेह, रक्तदाब किंवा दमा आहे. मी लसी घेऊ शकतो का?","আমি ডায়াবেটিস, রক্তচাপ বা হাঁপানি আছে। আমি কি ভ্যাকসিন নিতে পারি?","ನನಗೆ ಮಧುಮೇಹ, ರಕ್ತದೊತ್ತಡ ಅಥವಾ ಆಸ್ತಮಾ ಇದೆ. ನಾನು ಲಸಿಕೆ ತೆಗೆದುಕೊಳ್ಳಬಹುದೇ?","நான் நீரிழிவு, இரத்த அழுத்தம் அல்லது ஆஸ்துமா வேண்டும். நான் தடுப்பூசி எடுக்கலாமா?"
s22,from_user,s24,"s19,s21,s22,s23,s25,s16,s51,s53,s65",I have HIV/hepatitis B/C infection. Can I take the vaccine?,मुझे एचआईवी/हेपेटाइटिस बी/सी संक्रमण है। क्या मैं वैक्सीन ले सकता हूँ?,എനിക്ക് എച്ച് ഐ വി / ഹെപ്പറ്റൈറ്റിസ് ബി / സി അണുബാധയുണ്ട്. എനിക്ക് വാക്സിൻ എടുക്കാമോ?,ମୋର ଏଚ୍.ଆଇ.ଭି / ହେପାଟାଇଟିସ୍ ବି/ସି ସଂକ୍ରମଣ ଅଛି।  ମୁଁ ଟିକା ନେଇ ପାରିବି କି ?,મને એચ.આય.વી / હેપેટાઇટિસ બી / સી ઇન્ફેક્શન છે. શું હું રસી લઈ શકું છું?,माझ्याकडे एचआयव्ही / हेपेटायटीस बी / सी संक्रमण आहे. मी लसी घेऊ शकतो का?,আমি এইচআইভি / হেপাটাইটিস বি / সি সংক্রমণ আছে। আমি কি ভ্যাকসিন নিতে পারি?,ನನಗೆ ಎಚ್ಐವಿ / ಹೆಪಟೈಟಿಸ್ ಬಿ / ಸಿ ಸೋಂಕು ಇದೆ. ನಾನು ಲಸಿಕೆ ತೆಗೆದುಕೊಳ್ಳಬಹುದೇ?,எனக்கு எச்.ஐ.வி / ஹெபடைடிஸ் பி / சி தொற்று உள்ளது. நான் தடுப்பூசி எடுக்கலாமா?
s23,from_user,s24,"s19,s21,s22,s23,s25,s16,s51,s53,s65",I am on dialysis or have received an organ transplant. Can I take the vaccine?,मैं डायलिसिस पर हूं या मेरा अंग प्रत्यारोपण (ऑर्गन ट्रांसप्लांट) हुआ है। क्या मैं वैक्सीन ले सकता हूँ?,ഞാൻ ഡയാലിസികളിലാണ് അല്ലെങ്കിൽ ഒരു അവയവം മാറ്റിവയ്ക്കൽ ലഭിച്ചു. എനിക്ക് വാക്സിൻ എടുക്കാമോ?,ମୁଁ ଡାଏଲିସିସରେ ଅଛି କିମ୍ବା ଏକ ଅଙ୍ଗ ପ୍ରତିରୋପଣ ହୋଇଛି |  ମୁଁ ଟିକା ନେଇ ପାରିବି କି ?,હું ડાયાલિસિસ પર છું અથવા મેં અંગ પ્રત્યારોપણ (ઓર્ગન ટ્રાન્સપ્લાન્ટ) મેળવ્યું છે. શું હું રસી લઈ શકું છું?,मी डायलिसिसवर आहे किंवा अंगाचे प्रत्यारोपण प्राप्त केले आहे. मी लसी घेऊ शकतो का?,আমি ডায়ালিসিসে আছি অথবা একটি অঙ্গ প্রতিস্থাপন পেয়েছি। আমি কি ভ্যাকসিন নিতে পারি?,ನಾನು ಡಯಾಲಿಸಿಸ್ನಲ್ಲಿದ್ದೇನೆ ಅಥವಾ ಅಂಗಾಂಗ ಕಸಿ ಸ್ವೀಕರಿಸಿದ್ದೇನೆ. ನಾನು ಲಸಿಕೆ ತೆಗೆದುಕೊಳ್ಳಬಹುದೇ?,நான் dialysis இல் இருக்கிறேன் அல்லது ஒரு உறுப்பு மாற்று அறுவை சிகிச்சை பெற்றுள்ளேன். நான் தடுப்பூசி எடுக்கலாமா?
s24,from_bot,,,"Yes definitely. People with diabetes, high blood pressure, asthma, people with HIV/hepatitis B/C infection, organ transplant recipients and people on dialysis are all high priority and should get vaccinated at the earliest.","हाँ निश्चित रूप से। मधुमेह (डायबिटीज़), ब्लड प्रेशर, अस्थमा, एचआईवी / हेपेटाइटिस बी / सी संक्रमण वाले लोग, अंग प्रत्यारोपण (ऑर्गन ट्रांसप्लांट) प्राप्त करने वाले और डायलिसिस करवाने वाले सभी उच्च प्राथमिकता वाले हैं और उन्हें जल्द से जल्द कोविड का टीका लगवाना चाहिए।","അതെ തീർച്ചയായും. പ്രമേഹമുള്ള ആളുകൾ, ഉയർന്ന രക്തസമ്മർദ്ദം, ആസ്ത്മ, എച്ച്ഐവി / ഹെപ്പറ്റൈറ്റിസ്, എച്ച്ഐവി / ഹെപ്പറ്റൈറ്റിസ് എന്നിവയുള്ള ആളുകൾ, അവയവമുള്ള ട്രാൻസ്പ്ലാൻറ് സ്വീകർത്താക്കൾ, ഡയാലിസിസിലെ ആളുകൾ എന്നിവരെല്ലാം ഉയർന്ന മുൻഗണന നൽകുന്നു.","ହଁ ନିଶ୍ଚିତ ଭାବରେ | ମଧୁମେହ, ଉଚ୍ଚ ରକ୍ତଚାପ, ଶ୍ୱାସରୋଗ, ଏଚ.ଆଇ.ଭି/ହେପାଟାଇଟିସ୍ ବି/ସି ସଂକ୍ରମିତ ବ୍ୟକ୍ତି, ଅଙ୍ଗ ପ୍ରତିରୋପଣ ପ୍ରାପ୍ତ ଏବଂ ଡାଏଲିସିସରେ ଥିବା ଲୋକମାନେ ସମସ୍ତେ ଉଚ୍ଚ ପ୍ରାଥମିକତା ଭାବେ ଯଥା ଶୀଘ୍ର ଟୀକାକରଣ କରେଇନେବା ଉଚିତ୍ |","હા ચોક્કસપણે. ડાયાબિટીઝ, હાઈ બ્લડ પ્રેશર, અસ્થમા, એચ.આય.વી / હેપેટાઇટિસ બી / સી ચેપવાળા લોકો, અંગ પ્રત્યારોપણ (ઓર્ગન ટ્રાનસપ્લાન્ટ) મેળવનાર અને ડાયાલીસીસ પરના પેશન્ટ એ તમામ હાઈ પ્રાયોરિટી ગણાય છે અને તેમણે વેહલી તકે રસી લેવી જોઈએ.","होय नक्कीच. मधुमेह, उच्च रक्तदाब, दमा, एचआयव्ही / हेपेटायटीस बी / सी संसर्ग असलेल्या लोक, अवयव प्रत्यारोपण प्राप्तकर्ते आणि डायलिसिसवरील लोक सर्व उच्च प्राधान्य आहेत आणि लवकरच लसीकरण केले पाहिजे.","হ্যাঁ অবশ্যই। ডায়াবেটিস, উচ্চ রক্তচাপ, হাঁপানি, এইচআইভি / হেপাটাইটিস বি / সি সংক্রমণের সাথে মানুষ, অঙ্গ ট্রান্সপ্লান্ট প্রাপকদের এবং ডায়ালিসিসের লোকেরা সমস্ত উচ্চ অগ্রাধিকার এবং তাড়াতাড়ি টিকা দেওয়া উচিত।","ಹೌದು ಖಂಡಿತವಾಗಿ. ಮಧುಮೇಹ ಹೊಂದಿರುವ ಜನರು, ಅಧಿಕ ರಕ್ತದೊತ್ತಡ, ಆಸ್ತಮಾ, ಎಚ್ಐವಿ / ಹೆಪಟೈಟಿಸ್ ಬಿ / ಸಿ ಸೋಂಕು, ಆರ್ಗನ್ ಕಸಿ ಸ್ವೀಕರಿಸುವವರು ಮತ್ತು ಡಯಾಲಿಸಿಸ್ನಲ್ಲಿನ ಜನರು ಎಲ್ಲಾ ಹೆಚ್ಚಿನ ಆದ್ಯತೆ ಮತ್ತು ಮುಂಚಿನದಲ್ಲಿ ಲಸಿಕೆಯನ್ನು ಪಡೆಯಬೇಕು.","ஆம் கண்டிப்பாக. நீரிழிவு நோயாளிகள், உயர் இரத்த அழுத்தம், ஆஸ்துமா, எச்.ஐ.வி / ஹெபடைடிஸ் பி / சி நோய்த்தொற்று, உறுப்பு மாற்று சிகிச்சை பெறுபவர்கள் மற்றும் மக்கள் ஆகியோருடன் மக்கள் உயர் முன்னுரிமை மற்றும் ஆரம்பத்தில் தடுப்பூசி பெற வேண்டும்."
s25,from_user,s26,"s19,s21,s22,s23,s25,s16,s51,s53,s65","I have dust/pollen allergies, asthma, allergic rhinitis etc. Should I get vaccinated?","मुझे धूल/पराग से एलर्जी, अस्थमा या एलर्जिक राइनाइटिस आदि किस्म की एलर्जिक तक़लीफ है। क्या मुझे टीका लगवाना चाहिए?","എനിക്ക് പൊടി / കൂമ്പോള അലർജി, ആസ്ത്മ, അലർജിക് റിനിറ്റിസ് മുതലായവ. എനിക്ക് വാക്സിനേഷൻ നൽകണോ?","ମୋର ଧୂଳି/ପରାଗ ଆଲର୍ଜି, ଶ୍ୱାସରୋଗ, ଆଲର୍ଜିକ୍ ରାଇନାଇଟିସ୍ ଇତ୍ୟାଦି ଅଛି, ମୁଁ ଟୀକାକରଣ କରିବା ଉଚିତ କି ?","મને ધૂળ / પરાગ (પોલન) એલર્જી, દમ, એલર્જિક નાસિકા પ્રદાહ (રાઈનૈતિસ) વગેરે છે. શું મારે રસી લેવી જોઈએ?","माझ्याकडे धूळ / परागकण एलर्जी, दमा, ऍलर्जीक राउनलाइटिस इ. आहे का? मला लसीकरण केले पाहिजे का?","আমার ধুলো / পরাগ এলার্জি, হাঁপানি, এলার্জি রাইনাইটিস ইত্যাদি আমি টিকা পেতে পারি?","ನನಗೆ ಧೂಳು / ಪರಾಗ ಅಲರ್ಜಿಗಳು, ಆಸ್ತಮಾ, ಅಲರ್ಜಿಕ್ ರಿನಿಟಿಸ್ ಇತ್ಯಾದಿ. ನಾನು ಲಸಿಕೆಯನ್ನು ಪಡೆಯಬೇಕೇ?","நான் தூசி / மகரந்தம் ஒவ்வாமை, ஆஸ்துமா, ஒவ்வாமை ரைனிடிஸ் போன்றவை. நான் தடுப்பூசி பெற வேண்டுமா?"
s26,from_bot,,,"Yes, definitely.  Patients with an allergic reaction to pollen/dust/paint/etc should not be allergic to the vaccine.  If you suspect that you are allergic to the vaccine, you can tell the doctor or nurse at the vaccination center about your allergy history.  People with allergies should also get vaccinated.  You will be monitored at the vaccination center for 15 minutes after vaccination and will be provided with all medications to deal with any vaccine related allergic reactions.",हाँ निश्चित रूप से। पराग/धूल/रंग/आदि से एलर्जी की प्रतिक्रिया वाले पेशंट को टीके से एलर्जी नहीं होनी चाहिए। यदि आपको संदेह हो की आपको वैक्सीन से अलर्जी है तो आप टीकाकरण केंद्र के डॉक्टर या नर्स को अपने एलर्जी के इतिहास के बारे में बता सकते हैं। एलर्जी वाले लोगों को भी टीका लगवाना चाहिए। टीकाकरण केंद्र में टीकाकरण के बाद 15 मिनट तक आपकी निगरानी करी जाएगी और वहां किसी भी वैक्सीन संबंधित एलर्जिक प्रतिक्रिया से निपटने के लिए सभी दवाओं का प्रबंध किया गया होगा।,"അതെ തീർച്ചയായും. കൂമ്പോള / ഡസ്റ്റ് / പെയിന്റ് / മുതലായ രോഗികൾക്ക് വാക്സിനിൽ അലർജിയുണ്ടാകരുത്. നിങ്ങളുടെ വാക്സിനിൽ അലർജിയുണ്ടെന്ന് നിങ്ങൾ സംശയിക്കുന്നുവെങ്കിൽ, നിങ്ങളുടെ അലർജി ചരിത്രത്തെക്കുറിച്ച് വാക്സിനേഷൻ കേന്ദ്രത്തിൽ ഡോക്ടറോ നഴ്സിനോട് പറയാൻ കഴിയും. അലർജിയുള്ള ആളുകൾക്കും വാക്സിനേഷൻ നൽകണം. വാക്സിനേഷന് ശേഷം 15 മിനിറ്റ് വാക്സിനേഷൻ സെന്ററിൽ നിങ്ങൾ നിരീക്ഷിക്കപ്പെടും, ഒപ്പം വാക്സിൻ സംബന്ധമായ അലർജി പ്രതിപ്രവർത്തനങ്ങൾ കൈകാര്യം ചെയ്യുന്നതിന് എല്ലാ മരുന്നുകളും നൽകും.","ହଁ, ନିଶ୍ଚିତ ଭାବରେ |  ପରାଗ/ଧୂଳି/ରଙ୍ଗ ଇତ୍ୟାଦିରେ ଆଲର୍ଜିକ୍ ପ୍ରତିକ୍ରିୟା ଥିବା ରୋଗୀମାନେ ଟିକା ପାଇଁ ଆଲର୍ଜିକ୍ ହେବା ଉଚିତ୍ ନୁହେଁ |  ଯଦି ତୁମେ ସନ୍ଦେହ କରୁଛ ଯେ ତୁମେ ଟିକା ପ୍ରତି ଆଲର୍ଜିକ୍, ତେବେ ତୁମେ ତୁମର ଆଲର୍ଜି ଇତିହାସ ବିଷୟରେ ଟୀକାକରଣ କେନ୍ଦ୍ରରେ ଥିବା ଡାକ୍ତର କିମ୍ବା ନର୍ସଙ୍କୁ କହିପାରିବ |  ଆଲର୍ଜି ଥିବା ଲୋକମାନେ ମଧ୍ୟ ଟୀକାକରଣ କରିବା ଉଚିତ୍ |  ଟୀକାକରଣ ପରେ ୧୫ ମିନିଟ୍ ପାଇଁ ତୁମକୁ ଟୀକାକରଣ କେନ୍ଦ୍ରରେ ନଜର ରଖାଯିବ ଏବଂ ଟୀକାକରଣ ସମ୍ବନ୍ଧୀୟ ଯେକୋୖଣସି ଆଲର୍ଜିକ୍ ପ୍ରତିକ୍ରିୟାର ମୁକାବିଲା ପାଇଁ ସମସ୍ତ ଔଷଧ ଯୋଗାଇ ଦିଆଯିବ |","હા, ચોક્કસપણે.  પરાગ (પોલન)/ ધૂળ / પેઇન્ટ / વગેરે પ્રત્યે એલર્જી ધરાવતા દર્દીઓને વેક્સિન થી એલર્જી હોવી જોઈએ નહીં.  જો તમને શંકા છે કે તમને રસીથી એલર્જી છે, તો તમે રસીકરણ કેન્દ્રના ડોકટર અથવા નર્સને તમારા એલર્જીના ઇતિહાસ વિશે કહી શકો છો.  એલર્જીવાળા લોકોને પણ રસી લેવી જોઈએ.  રસીકરણ પછી 15 મિનિટ માટે રસીકરણ કેન્દ્ર પર તમારું મોનિટરીંગ કરવામાં આવશે અને કોઈપણ રસી સંબંધિત એલર્જીક પ્રતિક્રિયાઓ માટે બધી દવાઓ પ્રદાન કરવામાં આવશે.","होय नक्कीच. पराग / धूळ / पेंट / इत्यादीवर ऍलर्जी प्रतिक्रिया असलेल्या रुग्णांना लसीला ऍलर्जी नसावी. आपण लस मध्ये एलर्जी असल्याचे आपल्याला संशय असल्यास, आपण आपल्या एलर्जीच्या इतिहासाबद्दल टीकाकरण केंद्रात डॉक्टर किंवा नर्स सांगू शकता. एलर्जी असलेल्या लोकांना देखील लसीकरण केले पाहिजे. लसीकरणानंतर 15 मिनिटांसाठी आपल्याला लसीकरण केंद्रावर देखरेख केले जाईल आणि कोणत्याही लसीसंबंधी एलर्जीक प्रतिक्रिया हाताळण्यासाठी सर्व औषधे प्रदान केली जातील.","হ্যাঁ, অবশ্যই। পোলেন / ধুলো / পেইন্ট / ইত্যাদি একটি এলার্জি প্রতিক্রিয়া রোগীদের টিকা থেকে এলার্জি হতে হবে না। যদি আপনি সন্দেহ করেন যে আপনি ভ্যাকসিনে অ্যালার্জি হন তবে আপনি আপনার অ্যালার্জি ইতিহাস সম্পর্কে টিকা কেন্দ্রের ডাক্তার বা নার্সকে বলতে পারেন। এলার্জি সঙ্গে মানুষ এছাড়াও টিকা পেতে হবে। আপনি টিকা পরে 15 মিনিটের জন্য টিকা কেন্দ্রের জন্য পর্যবেক্ষণ করা হবে এবং কোনও টিকা সম্পর্কিত এলার্জি প্রতিক্রিয়া মোকাবেলা করার জন্য সমস্ত ঔষধ সরবরাহ করা হবে।","ಹೌದು, ಖಂಡಿತವಾಗಿ. ಪರಾಗ / ಧೂಳು / ಬಣ್ಣ / ಇತ್ಯಾದಿಗಳಿಗೆ ಅಲರ್ಜಿಯ ಪ್ರತಿಕ್ರಿಯೆಯೊಂದಿಗೆ ರೋಗಿಗಳು ಲಸಿಕೆಗೆ ಅಲರ್ಜಿ ಇರಬಾರದು. ಲಸಿಕೆಗೆ ನೀವು ಅಲರ್ಜಿ ಎಂದು ನೀವು ಅನುಮಾನಿಸಿದರೆ, ನಿಮ್ಮ ಅಲರ್ಜಿ ಇತಿಹಾಸದ ಬಗ್ಗೆ ವ್ಯಾಕ್ಸಿನೇಷನ್ ಸೆಂಟರ್ನಲ್ಲಿ ವೈದ್ಯರು ಅಥವಾ ನರ್ಸ್ಗೆ ನೀವು ಹೇಳಬಹುದು. ಅಲರ್ಜಿಯೊಂದಿಗೆ ಜನರು ಲಸಿಕೆಯನ್ನು ಪಡೆಯಬೇಕು. ವ್ಯಾಕ್ಸಿನೇಷನ್ ನಂತರ 15 ನಿಮಿಷಗಳ ಕಾಲ ವ್ಯಾಕ್ಸಿನೇಷನ್ ಸೆಂಟರ್ನಲ್ಲಿ ನೀವು ಮೇಲ್ವಿಚಾರಣೆ ಮಾಡಲಾಗುತ್ತದೆ ಮತ್ತು ಯಾವುದೇ ಲಸಿಕೆ ಸಂಬಂಧಿತ ಅಲರ್ಜಿಯ ಪ್ರತಿಕ್ರಿಯೆಗಳನ್ನು ಎದುರಿಸಲು ಎಲ್ಲಾ ಔಷಧಿಗಳನ್ನು ಒದಗಿಸಲಾಗುತ್ತದೆ.","ஆம், நிச்சயமாக. மகரந்த / தூசி / வண்ணப்பூச்சுக்கு ஒவ்வாமை எதிர்வினை நோயாளிகளுக்கு தடுப்பூசிக்கு ஒவ்வாமை இருக்கக்கூடாது. நீங்கள் தடுப்பூசிக்கு ஒவ்வாமை இருப்பதாக சந்தேகிக்கிறீர்களானால், உங்கள் ஒவ்வாமை வரலாற்றைப் பற்றி தடுப்பூசி மையத்தில் டாக்டர் அல்லது நர்ஸ் சொல்லலாம். ஒவ்வாமை கொண்டவர்கள் தடுப்பூசி பெற வேண்டும். தடுப்பூசி பின்னர் தடுப்பூசி மையத்தில் நீங்கள் தடுப்பூசி மையத்தில் கண்காணிக்கப்பட்டு எந்த தடுப்பூசி தொடர்பான ஒவ்வாமை எதிர்வினைகள் சமாளிக்க அனைத்து மருந்துகள் வழங்கப்படும்."
s27,from_user,s28,"s58,s27,s29,s31,s51,s53,s65","What should I do if I am getting fever, bodyache, headache or weakness after vaccination?","टीकाकरण के बाद मुझे बुखार, बदन दर्द, सिरदर्द या कमजोरी हो रही है तोह मैं क्या कर सकता हूं?","വാക്സിനേഷന് ശേഷം പനി, ബോംകൂ, തലവേദന അല്ലെങ്കിൽ ബലഹീനത എന്നിവ ലഭിച്ചാൽ ഞാൻ എന്തുചെയ്യണം?","ଯଦି ଟୀକାକରଣ ପରେ ଜ୍ୱର, ଶରୀରରେ ଯନ୍ତ୍ରଣା, ମୁଣ୍ଡବିନ୍ଧା କିମ୍ବା ଦୁର୍ବଳତା ହେଉଛି ତେବେ ମୁଁ କ’ଣ କରିବି ?","મને રસીકરણ પછી તાવ, શરીરમાં દુખાવો, માથાનો દુખાવો અથવા નબળાઇ આવી રહી છે. શુ કરવુ?","लसीकरणानंतर मला ताप, बोजाक, डोकेदुखी किंवा कमकुवतपणा झाल्यास मी काय करावे?","আমি যদি জ্বর, শরীরের ব্যাথা, মাথা ব্যাথা বা টিকা পরে দুর্বলতা পাচ্ছি তাহলে কি করবো?","ನಾನು ಜ್ವರ, ಲೋಹದೋಷ, ತಲೆನೋವು ಅಥವಾ ವ್ಯಾಕ್ಸಿನೇಷನ್ ನಂತರ ದೌರ್ಬಲ್ಯ ಪಡೆಯುತ್ತಿದ್ದರೆ ನಾನು ಏನು ಮಾಡಬೇಕು?","காய்ச்சல் பிறகு காய்ச்சல், உடல், தலைவலி அல்லது பலவீனம் நான் பெறுவது என்ன செய்ய வேண்டும்?"
s28,from_bot,,,"Some mild symptoms such as fever up to 99.5F, headache, body ache, feeling weakness and fatigue, pain at the site of injection are common for 2-3 days after vaccination. You can take tablet paracetamol 500/650mg (crocin/ dolo/ calpol/ pacimol) up to 3 times a day to relieve such symptoms. If they persist for more than 2-3 days (especially fever), and if the fever is 101F or higher, get checked by a doctor in person.","कुछ हल्के लक्षण जैसे 99.5F तक बुखार, सिरदर्द, शरीर में दर्द, कमजोरी और थकान महसूस होना, इंजेक्शन वाली जगह पर दर्द टीकाकरण के बाद 2-3 दिनों तक आम तौर पर देखे जाते है। ऐसे लक्षणों से राहत पाने के लिए आप पैरासिटामोल 500/650mg (क्रोसिन/ डोलो/ कैलपोल/पैसिमोल) की गोली दिन में 3 बार तक ले सकते हैं। यदि 2-3 दिनों बाद भी तकलीफ बनी रहे (विशेष रूप से बुखार) और यदि बुखार 101F या अधिक है, तो डॉक्टर से व्यक्तिगत रूप से जांच करवाएं।","പനി പോലുള്ള ചില മൃദുവായ ലക്ഷണങ്ങൾ, തലവേദന, ശരീരം വേദന, ക്ഷീണം എന്നിവ അനുഭവപ്പെടുന്നു, കുത്തിവയ്പ്പിന് ശേഷം 2-3 ദിവസത്തേക്ക് വേദനയ്ക്ക് സാധാരണമാണ്. അത്തരം ലക്ഷണങ്ങൾ ഒഴിവാക്കാൻ നിങ്ങൾക്ക് ഒരു ദിവസം 3 തവണ വരെ ടാബ്ലെറ്റ് പാരസെറ്റമോൾ 500 / 650MG (ക്രോസിൻ / ഡോളോ / കാൽപ്പോൾ / പാസിമോൾ എടുക്കാം. അവർ 2-3 ദിവസത്തിൽ കൂടുതൽ (പ്രത്യേകിച്ച് പനി) നിലനിൽക്കുകയാണെങ്കിൽ, പനി 101 എഫ് അല്ലെങ്കിൽ ഉയർന്നതാണെങ്കിൽ, വ്യക്തിപരമായി ഒരു ഡോക്ടർ പരിശോധിക്കുന്നു.","କେତେକ ମୃଦୁ ଲକ୍ଷଣ ଯେପରିକି ୯୯.୫F ପର୍ଯ୍ୟନ୍ତ ଜ୍ୱର, ମୁଣ୍ଡବିନ୍ଧା, ଶରୀରରେ ଯନ୍ତ୍ରଣା, ଦୁର୍ବଳତା ଏବଂ ଥକ୍କା ଅନୁଭବ, ଟୀକାକରଣ ପରେ ୨-୩ ଦିନ ପାଇଁ ଟୀକା ନେଇଥିବା ସ୍ଥାନରେ ଯନ୍ତ୍ରଣା ହେବା |  ଏହିପରି ଲକ୍ଷଣରୁ ମୁକ୍ତି ପାଇବା ପାଇଁ ଆପଣ ପାରାସିଟାମଲ୍ ୫୦୦/୬୫୦ mg (କ୍ରୋସିନ୍ / ଡୋଲୋ / କାଲପୋଲ୍ / ପାସିମୋଲ୍) ବଟିକା ଦିନକୁ ୩ ଥର ନେଇପାରିବେ |  ଯଦି ଏହି ଲକ୍ଷଣ ୨-୩ ଦିନରୁ ଅଧିକ ସମୟ ଧରି ରହେ (ବିଶେଷକରି ଜ୍ୱର), ଏବଂ ଜ୍ୱର ଯଦି ୧୦୧F କିମ୍ବା ଅଧିକ ହୁଏ, ତେବେ ବ୍ୟକ୍ତିଗତ ଭାବେ ଡାକ୍ତରଙ୍କୁ ଦେଖା କରନ୍ତୁ |","કેટલાક હળવા લક્ષણો જેમ કે ૯૯.૫°F સુધીના તાવ, માથાનો દુખાવો, શરીરનો દુખાવો, નબળાશ અને જલદી થાક લાગવો, ઈન્જેક્શન આપેલ જગ્યાએ દુખાવો રસીકરણ ના 2-3 દિવસ પચી સુધી અપેક્ષિત છે. આવા લક્ષણોને દૂર કરવા માટે તમે દિવસમાં 3 વખત ટેબ્લેટ પેરાસીટામોલ 500/650 એમજી (ક્રોસિન / ડોલો / કેલ્પોલ / પેસિમોલ) લઈ શકો છો. જો તકલીફ 2-3 દિવસથી વધુ સમય સુધી જળવાઈ રહે (ખાસ કરીને તાવ), અને જો તાવ 101°F અથવા તેથી વધુ હોય, તો ડોકટર દ્વારા રૂબરૂ તપાસ કરાવો.","काही सौम्य लक्षणे जसे की 99 .5 एफ, डोकेदुखी, शरीर दुखणे, कमकुवतपणा आणि थकवा येणे, इंजेक्शन साइटवर वेदना 2-3 दिवसांनी लसीकरणानंतर सामान्य आहेत. अशा लक्षणे दूर करण्यासाठी आपण टॅब्लेट पॅरासिटामोल 500/650 एमजी (क्रोकिन / डॉल हो / कॅलपोल / पॅकिमोल) घेऊ शकता. जर ते 2-3 दिवसांपेक्षा जास्त (विशेषत: बुखार) आणि ताप 101 एफ किंवा उच्चतम असल्यास, वैयक्तिकरित्या डॉक्टरांनी तपासले तर.","99.5f, মাথা ব্যাথা, শরীরের ব্যাথা পর্যন্ত জ্বরের মতো কিছু হালকা উপসর্গ, দুর্বলতা এবং ক্লান্তি অনুভব করে, টিকা পরে 2-3 দিনের জন্য ইনজেকশন সাইটের ব্যথা সাধারণ। আপনি ট্যাবলেট প্যারাসিটামোল 500/650 মিগ্রা (ক্রোকিন / ডলো / ক্যালপল / প্যাকমোল) এ ধরনের উপসর্গগুলি উপশম করার জন্য প্রতিদিন 3 বার পর্যন্ত নিতে পারেন। যদি তারা 2-3 দিনের বেশি (বিশেষ করে জ্বর) এর জন্য থাকে এবং জ্বর 101F বা উচ্চতর হয় তবে ব্যক্তিগতভাবে একজন ডাক্তারের দ্বারা চেক করুন।","99.5F, ತಲೆನೋವು, ದೇಹ ನೋವು, ದೌರ್ಬಲ್ಯ ಮತ್ತು ಆಯಾಸ ಭಾವನೆ, ದೌರ್ಬಲ್ಯ ಮತ್ತು ಆಯಾಸ, ಚುಚ್ಚುಮದ್ದಿನ ಸೈಟ್ನಲ್ಲಿ ನೋವು ಲಸಿಕೆ ನಂತರ 2-3 ದಿನಗಳವರೆಗೆ ನೋವು ಸಾಮಾನ್ಯವಾಗಿದೆ. ಅಂತಹ ರೋಗಲಕ್ಷಣಗಳನ್ನು ನಿವಾರಿಸಲು ನೀವು ಟ್ಯಾಬ್ಲೆಟ್ ಪ್ಯಾರಾಸೆಟಮಾಲ್ 500 / 650mg (ಕ್ರೋಸಿಟನ್ / ಡಾಲೊ / ಕ್ಯಾಲ್ಫಾಲ್ / ಪ್ಯಾಸಿಮೊಲ್) ಅನ್ನು ದಿನಕ್ಕೆ 3 ಬಾರಿ ತೆಗೆದುಕೊಳ್ಳಬಹುದು. ಅವರು 2-3 ದಿನಗಳಿಗಿಂತ ಹೆಚ್ಚು (ವಿಶೇಷವಾಗಿ ಜ್ವರ) ಇದ್ದರೆ, ಮತ್ತು ಜ್ವರವು 101f ಅಥವಾ ಹೆಚ್ಚಿನದಾಗಿದ್ದರೆ, ಒಬ್ಬ ವ್ಯಕ್ತಿಯಲ್ಲಿ ವೈದ್ಯರು ಪರೀಕ್ಷಿಸಿ.","99.5f, தலைவலி, உடல் வலி, பலவீனம் மற்றும் சோர்வு போன்ற சில லேசான அறிகுறிகள், உட்செலுத்துதல் தளத்தில் வலி, உட்செலுத்தல் தளத்தில் வலி பொதுவாக பொதுவான உள்ளன. நீங்கள் மாத்திரை paracetamol 500 / 650mg (Crocin / dolo / calpol / pacimol) போன்ற அறிகுறிகள் நிவாரணம் 3 முறை வரை 3 முறை வரை எடுக்கலாம். அவர்கள் 2-3 நாட்களுக்கு மேல் (குறிப்பாக காய்ச்சல்) தொடர்ந்து இருந்தால், காய்ச்சல் 101F அல்லது அதிகபட்சமாக இருந்தால், ஒரு மருத்துவரிடம் ஒரு டாக்டரால் சோதிக்கவும்."
s29,from_user,s30,"s58,s27,s29,s31,s51,s53,s65",I have been vaccinated. How can I ensure it worked? When can I get an antibody test?,मुझे टीका लगाया गया है। मैं कैसे सुनिश्चित कर सकता हूं कि यह काम करता है? मुझे एंटीबॉडी टेस्ट कब करवाना चाहिए?,എനിക്ക് വാക്സിനേഷൻ നൽകി. ഇത് പ്രവർത്തിച്ചുവെന്ന് എനിക്ക് എങ്ങനെ ഉറപ്പാക്കാനാകും? എനിക്ക് എപ്പോഴാണ് ഒരു ആന്റിബോഡി ടെസ്റ്റ് ലഭിക്കുക?,ମୋତେ ଟୀକାକରଣ କରାଯାଇଛି | ମୁଁ କିପରି କାର୍ଯ୍ୟ କରିବାକୁ ନିଶ୍ଚିତ କରିପାରିବି? ମୁଁ କେବେ ଆଣ୍ଟିବଡି ପରୀକ୍ଷା ପାଇବି?,મને રસી આપવામાં આવી છે. હું કેવી રીતે ખાતરી કરી શકું કે તે અસરકારક છે? હું એન્ટિબોડી ટેસ્ટ ક્યારે કરવી શકું છું?,मला लसीकरण केले गेले आहे. मी हे कसे कार्य केले आहे? मला अँटीबॉडी चाचणी कधी मिळेल?,আমি টিকা পেয়েছি। আমি কিভাবে এটি কাজ নিশ্চিত করতে পারেন? আমি কখন একটি অ্যান্টিবডি পরীক্ষা পেতে পারি?,ನಾನು ಲಸಿಕೆಯನ್ನು ಹೊಂದಿದ್ದೇನೆ. ನಾನು ಅದನ್ನು ಹೇಗೆ ಕೆಲಸ ಮಾಡಬಹುದೆ? ನಾನು ಯಾವಾಗ ಪ್ರತಿಕಾಯ ಪರೀಕ್ಷೆಯನ್ನು ಪಡೆಯಬಹುದು?,நான் தடுப்பூசி வருகிறேன். நான் எப்படி வேலை செய்ய முடியும்? எப்போது நான் ஒரு ஆன்டிபாடி சோதனை பெற முடியும்?
s30,from_bot,,,"All the vaccines are carefully made so that they will generate strong immune response. If you want to personally check the immune response of your body, you can get an antibody test around 10-20 days after getting the second dose. These tests are available at most leading pathology laboratories now. The test report should be interpreted under the supervision of a doctor.","सभी टीकों को सावधानीपूर्वक बनाया गया है ताकि वह आपके शरीर में मजबूत रोग प्रतिरक्षा प्रतिक्रिया उत्पन्न करे। यदि आप व्यक्तिगत रूप से अपने शरीर की रोग प्रतिरोधक प्रतिक्रिया की जांच करना चाहते हैं, तो आप वैक्सीन का दूसरा डोस लेने के लगभग 10-20 दिनों के बाद एंटीबॉडी टेस्ट करवा सकते हैं। आज की तारीख में ज़्यादातर अच्छी पैथोलॉजी लैब्स में यह टेस्ट उपलब्ध हैं। टेस्ट रिपोर्ट को डॉक्टर की देखरेख में व्याख्या की जानी चाहिए।","എല്ലാ വാക്സിനേഷനുകളും ശ്രദ്ധാപൂർവ്വം ഉണ്ടാക്കി, അങ്ങനെ അവർ ശക്തമായ രോഗപ്രതിരോധം സൃഷ്ടിക്കും. നിങ്ങളുടെ ശരീരത്തിന്റെ രോഗപ്രതിരോധ പ്രതികരണം വ്യക്തിപരമായി പരിശോധിക്കണമെങ്കിൽ, രണ്ടാമത്തെ ഡോസ് ലഭിച്ചതിന് ശേഷം നിങ്ങൾക്ക് ഏകദേശം 10-20 ദിവസത്തോളം ഒരു ആന്റിബോഡി ടെസ്റ്റ് ലഭിക്കും. ഈ പരിശോധനകൾ ഇപ്പോൾ മിക്ക പ്രധാന പാത്തോളജി ലബോറട്ടറികളിലും ലഭ്യമാണ്. ടെസ്റ്റ് റിപ്പോർട്ട് ഒരു ഡോക്ടറുടെ മേൽനോട്ടത്തിൽ വ്യാഖ്യാനിക്കണം.","ସମସ୍ତ ଟିକା ଭଲଭାବେ ସୃଷ୍ଟି ହୋଇଛି ଯାହା ଦ୍ they ାରା ସେମାନେ ଶକ୍ତିଶାଳୀ ପ୍ରତିରକ୍ଷା ପ୍ରତିକ୍ରିୟା ସୃଷ୍ଟି କରିବେ | ଯଦି ଆପଣ ବ୍ୟକ୍ତିଗତ ଭାବରେ ଆପଣଙ୍କ ଶରୀରର ପ୍ରତିରୋପୁନ ପ୍ରତିକ୍ରିୟା ଯାଞ୍ଚ କରିବାକୁ ଚାହାଁନ୍ତି, ତେବେ ଆପଣ ଦ୍ୱିତୀୟ ମାତ୍ରା ପାଇବା ପରେ 10-20 ଦିନ ପରେ ଏକ ଆଣ୍ଟିବଡି ପରୀକ୍ଷା ପାଇପାରିବେ | ବର୍ତ୍ତମାନ ଅଧିକାଂଶ ଅଗ୍ରଣୀ ପାଥୋଲୋଜି ଲାବୋରେଟୋରୀରେ ଏହି ପରୀକ୍ଷାଗୁଡ଼ିକ ଉପଲବ୍ଧ | ପରୀକ୍ଷା ରିପୋର୍ଟ ଜଣେ ଡାକ୍ତରଙ୍କ ତତ୍ତ୍ୱାବଧାନରେ ବ୍ୟାଖ୍ୟା କରାଯିବା ଉଚିତ |","બધી રસીઓના ડોઝ કાળજીપૂર્વક નક્કી કરવામાં આવ્યા છે જે હિસાબ થી તે તમારા શરીર માં મજબૂત રોગ પ્રતિરક્ષા શક્તિ ઉત્પન્ન કરે. જો તમે તમારા શરીરની રોગ પ્રતિરોધક શક્તિ ને વ્યક્તિગત રૂપે તપાસવા માંગતા હો, તો તમે રસી નો બીજો ડોઝ મેળવવા ના 10-20 દિવસની અંદર એન્ટિબોડી ટેસ્ટ કરાવી શકો છો. આ ટેસ્ટ અગ્રણી પેથોલોજી લેબોેટરીમાં ઉપલબ્ધ છે અને તમારા ડોક્ટર ની સલાહ પ્રમાણે તેનું અર્થઘટન થવું જોઈએ.","सर्व लसी काळजीपूर्वक बनविली जातात जेणेकरून ते मजबूत प्रतिकार प्रतिक्रिया निर्माण करतील. आपण आपल्या शरीराचे प्रतिरक्षा प्रतिसाद वैयक्तिकरित्या तपासू इच्छित असल्यास, आपण दुसरी डोस मिळविल्यानंतर 10-20 दिवसांची अँटीबॉडी चाचणी मिळवू शकता. हे परी आता बहुतेक अग्रगण्य पॅथोलॉजी प्रयोगशाळांमध्ये उपलब्ध आहेत. चाचणी अहवालाचा अर्थ डॉक्टरांच्या देखरेखीखाली अर्थ लावला पाहिजे.",সমস্ত টিকা সাবধানে তৈরি করা হয় যাতে তারা শক্তিশালী প্রতিরক্ষা প্রতিক্রিয়া তৈরি করবে। আপনি যদি ব্যক্তিগতভাবে আপনার শরীরের প্রতিরক্ষা প্রতিক্রিয়াটি পরীক্ষা করতে চান তবে আপনি দ্বিতীয় ডোজ পাওয়ার প্রায় 10-20 দিন পরে একটি অ্যান্টিবডি পরীক্ষা পেতে পারেন। এই পরীক্ষা এখন অধিকাংশ নেতৃস্থানীয় রোগবিদ্যা ল্যাবরেটরিজ পাওয়া যায়। পরীক্ষার প্রতিবেদনটি ডাক্তারের তত্ত্বাবধানে ব্যাখ্যা করা উচিত।,"ಎಲ್ಲಾ ಲಸಿಕೆಗಳನ್ನು ಎಚ್ಚರಿಕೆಯಿಂದ ತಯಾರಿಸಲಾಗುತ್ತದೆ ಆದ್ದರಿಂದ ಅವರು ಬಲವಾದ ಪ್ರತಿರಕ್ಷಣಾ ಪ್ರತಿಕ್ರಿಯೆಯನ್ನು ಸೃಷ್ಟಿಸುತ್ತಾರೆ. ನಿಮ್ಮ ದೇಹಕ್ಕೆ ಪ್ರತಿರಕ್ಷಣಾ ಪ್ರತಿಕ್ರಿಯೆಯನ್ನು ವೈಯಕ್ತಿಕವಾಗಿ ಪರೀಕ್ಷಿಸಲು ನೀವು ಬಯಸಿದರೆ, ಎರಡನೆಯ ಡೋಸ್ ಪಡೆದ ನಂತರ ನೀವು 10-20 ದಿನಗಳ ನಂತರ ಪ್ರತಿಕಾಯದ ಪರೀಕ್ಷೆಯನ್ನು ಪಡೆಯಬಹುದು. ಈ ಪರೀಕ್ಷೆಗಳು ಈಗ ಪ್ರಮುಖ ರೋಗಲಕ್ಷಣದ ಪ್ರಯೋಗಾಲಯಗಳಲ್ಲಿ ಲಭ್ಯವಿದೆ. ಪರೀಕ್ಷಾ ವರದಿಯನ್ನು ವೈದ್ಯರ ಮೇಲ್ವಿಚಾರಣೆಯಲ್ಲಿ ವ್ಯಾಖ್ಯಾನಿಸಬೇಕು.","அனைத்து தடுப்பூசிகளும் கவனமாக தயாரிக்கப்படுகின்றன, இதனால் அவை வலுவான நோயெதிர்ப்பு பதிலை உருவாக்கும். உங்கள் உடலின் நோயெதிர்ப்பு பதிலை தனிப்பட்ட முறையில் சரிபார்க்க விரும்பினால், இரண்டாவது டோஸ் பெற்ற பிறகு 10-20 நாட்களுக்கு ஒரு ஆன்டிபாடி சோதனை செய்யலாம். இந்த சோதனைகள் இப்போது மிகவும் முன்னணி நோயியல் ஆய்வகங்களில் கிடைக்கின்றன. சோதனை அறிக்கை ஒரு மருத்துவரின் மேற்பார்வையின் கீழ் விளக்கப்பட வேண்டும்."
s31,from_user,s32,"s58,s27,s29,s31,s51,s53,s65",I have taken both doses of the vaccine. Does this mean that I cannot get covid anymore?,मैंने टीके की दोनों डोस ले ली हैं।  क्या इसका मतलब है कि मुझे अब कोविड नहीं हो सकता है?,ഞാൻ വാക്സിൻ രണ്ട് ഡോസുകളും എടുത്തിട്ടുണ്ട്. ഇതിന്റെ അർത്ഥം എനിക്ക് ഇനി കോവിഡ് നേടാൻ കഴിയില്ലേ?,ମୁଁ ଟିକା ର ଉଭୟ ଡୋଜ ନେଇଛି |  ଏହାର ଅର୍ଥ କ’ଣ ମୋତେ ଆଉ କୋଭିଡ୍ ହେବ ନାହିଁ ?,મેં રસીના બંને ડોઝ લીધા છે.  શું આનો અર્થ એ છે કે હવે મને કોવિડ થઈ શકતો નથી?,मी लस दोन्ही डोस घेतले आहेत. याचा अर्थ असा आहे की मला आता कोव्हीड मिळू शकत नाही?,আমি ভ্যাকসিন উভয় ডোজ গ্রহণ করেছেন। এর মানে কি আমি আর Covid পেতে পারি না?,ನಾನು ಲಸಿಕೆಗಳ ಎರಡೂ ಪ್ರಮಾಣಗಳನ್ನು ತೆಗೆದುಕೊಂಡಿದ್ದೇನೆ. ಇದರ ಅರ್ಥವೇನೆಂದರೆ ನಾನು ಕೊವಿಡ್ ಅನ್ನು ಪಡೆಯಲು ಸಾಧ್ಯವಿಲ್ಲವೇ?,நான் தடுப்பூசி இரண்டு மருந்துகளை எடுத்துள்ளேன். இது இனிமேல் நான் கவலைப்பட முடியாது என்று அர்த்தம்?
s32,from_bot,,,"Definitely not. Vaccines are proven to reduce symptomatic infection and death, but this does not mean that you cannot get covid infection after getting vaccinated. It is necessary to continue wearing masks and following ""covid-appropriate-behavior"" till the time that this pandemic is over. For more information on Covid Appropriate Behavior visit https://www.mohfw.gov.in/pdf/Illustrativeguidelineupdate.pdf","बिलकुल नहीं। टीके रोग के गंभीर लक्षण और मृत्यु को कम करने में असरकारक होते हैं, लेकिन इसका मतलब यह नहीं है कि टीकाकरण के बाद आपको कोविड संक्रमण नहीं हो सकता। जब तक यह महामारी खत्म नहीं हो जाती तब तक मास्क पहनना और ""कोविड-उपयुक्त-व्यवहार"" का पालन करना ज़रूरी है। कोविड उपयुक्त व्यवहार के बारे में अधिक जानकारी के लिए https://www.mohfw.gov.in/pdf/Illustrativeguidelineupdate.pdf पर जाएं।","തീര്ച്ചയായും അല്ല. രോഗലക്ഷണ അണുബാധയും മരണവും കുറയ്ക്കുന്നതിനായി വാക്സിനുകൾ തെളിയിക്കപ്പെടുന്നു, എന്നാൽ വാക്സിനേഷൻ നേടിയ ശേഷം നിങ്ങൾക്ക് ഉടമ്പടി അണുബാധ നേടാൻ കഴിയില്ലെന്ന് ഇതിനർത്ഥമില്ല. ഈ പാൻഡെമിക് അവസാനിക്കുന്ന സമയം വരെ മാസ്ക് ധരിച്ച് ""സിവിഡ്-ഉചിതമായ പെരുമാറ്റം"" തുടരേണ്ടത് ആവശ്യമാണ്. ഉടമ്പടിയെക്കുറിച്ചുള്ള കൂടുതൽ വിവരങ്ങൾക്ക് ഉചിതമായ പെരുമാറ്റ സന്ദർശനം https://www.mohfw.gov.in/pdf/illistatergualgualinupdate.pdf","ନିଶ୍ଚିତ ଭାବରେ ନୁହେଁ | ଲକ୍ଷଣଦାତା ସଂକ୍ରମଣ ଏବଂ ମୃତ୍ୟୁକୁ ହ୍ରାସ କରିବା ପ୍ରମାଣିତ ହୁଏ, କିନ୍ତୁ ଏହାର ଅର୍ଥ ନୁହେଁ ଯେ ତୁମେ ଟ୍ୟାକ୍ସିଟିଡ୍ ହେବା ପରେ covid incation ଚେଷ୍ଟା କରିପାରିବ ନାହିଁ | ଏହି ଶ୍ରମିକ ଶେଷ ନହେବା ପର୍ଯ୍ୟନ୍ତ ମାସ୍କ ଏବଂ ""cit6 ଉପଯୁକ୍ତ-ଆଚରଣ"" ଜାରି ରଖିବା ଆବଶ୍ୟକ | ସହଯୋଗୀ ଉପଯୁକ୍ତ ଆଚରଣ ବିଷୟରେ ଅଧିକ ସୂଚନା ପାଇଁ https://www.mohfw.gov.in/pdf/ilustrativuideguidegudegudegudegudegudegudegudegudegudegudegudegudegudegudegudegudegudgode.pdf ପରିଦର୍ଶନ କରନ୍ତୁ |","બિલકુલ નહીં. રસીઓ ગંભીર લક્ષણો અને મૃત્યુ ઘટાડવા માટે અસરકારક છે, પરંતુ તેનો અર્થ એ નથી કે રસી લીધા પછી તમને કોવિડ ઇન્ફેક્શન નથી મળી શકતું. આ રોગચાળો સમાપ્ત ન થાય ત્યાં સુધી માસ્ક પહેરવા અને ""કોવિડ-યોગ્ય વર્તન"" નું પાલન કરવું આવશ્યક છે. કોવિડ યોગ્ય વર્તન વિશે વધુ માહિતી માટે, https://www.mohfw.gov.in/pdf/Illustrativeguidlineupdate.pdf ની મુલાકાત લો.","निश्चितपणे नाही. लस लक्षणे संक्रमण आणि मृत्यू कमी करण्यासाठी सिद्ध केले जातात, परंतु याचा अर्थ असा नाही की आपल्याला लसीकरणानंतर कॉव्हिड संक्रमण मिळू शकत नाही. हे महामारी पूर्ण होईपर्यंत मास्क घालणे आणि ""कॉव्हिड-योग्य-वर्तन"" पुढे चालू ठेवणे आवश्यक आहे. Covid योग्य वर्तन अधिक माहितीसाठी HTTPS://www.mohfw.gov.in/pdf/illrustaintactinupdate.pdf ला भेट द्या","অবশ্যই না. ভ্যাকসিনগুলি লক্ষণীয় সংক্রমণ এবং মৃত্যু কমাতে প্রমাণিত হয়, তবে এর অর্থ এই নয় যে আপনি টিকা পাওয়ার পরে Covid সংক্রমণ পেতে পারবেন না। এই মহামারী শেষ হওয়ার সময় পর্যন্ত মাস্কগুলি পরিধান করা এবং ""কোভিড-যথাযথ আচরণ"" অনুসরণ করা আবশ্যক। Covid উপযুক্ত আচরণ সম্পর্কে আরও তথ্যের জন্য Https://www.mohfw.gov.in/pdf/ilustraticyguideineupdate.pdf পরিদর্শন করুন","ಖಂಡಿತವಾಗಿಯೂ ಇಲ್ಲ. ಲಸಿಕೆಗಳು ರೋಗಲಕ್ಷಣದ ಸೋಂಕು ಮತ್ತು ಮರಣವನ್ನು ಕಡಿಮೆ ಮಾಡಲು ಸಾಬೀತಾಗಿದೆ, ಆದರೆ ಲಸಿಕೆಯನ್ನು ಪಡೆದ ನಂತರ ನೀವು ಕೋವಿಡ್ ಸೋಂಕು ಪಡೆಯಲು ಸಾಧ್ಯವಿಲ್ಲ ಎಂದು ಅರ್ಥವಲ್ಲ. ಮುಖವಾಡಗಳನ್ನು ಧರಿಸುವುದನ್ನು ಮುಂದುವರಿಸುವುದು ಮತ್ತು ಈ ಸಾಂಕ್ರಾಮಿಕವು ಮುಗಿಯುವ ಸಮಯ ತನಕ ""ಕೋವಿಡ್-ಸೂಕ್ತ-ನಡವಳಿಕೆ"" ಅನ್ನು ಅನುಸರಿಸುವುದು ಅವಶ್ಯಕ. COVID ಸೂಕ್ತ ನಡವಳಿಕೆಗೆ ಹೆಚ್ಚಿನ ಮಾಹಿತಿಗಾಗಿ https://www.mohfw.gov.in/pdf/illustherativegiledineupdate.pdf","நிச்சயமாக இல்லை. தடுப்பூசிகள் அறிகுறி தொற்று மற்றும் மரணம் குறைக்க நிரூபிக்கப்பட்டுள்ளது, ஆனால் இது தடுப்பூசி பெறும் பிறகு நீங்கள் தொற்றுநோயை பெற முடியாது என்று அர்த்தம் இல்லை. இந்த தொற்றுநோய் முடிவடையும் வரை முகமூடிகளை அணிந்து, ""Covid-under-pannation"" ஐ தொடர்ந்து அணிந்து கொள்ள வேண்டும். Covid பொருத்தமான நடத்தை பற்றிய மேலும் தகவலுக்கு, https://www.mohfw.gov.in/pdf/illustratuguidelineupdate.pdf."
s33,from_user,s34,"s59,s33,s35,s37,s39,s41,s43,s45,s47,s49,s51,s53,s65",Can taking the vaccine make my covid RTPCR test result positive?,क्या वैक्सीन लेने से मेरा कोविड RTPCR टेस्ट रिजल्ट पॉजिटिव आ सकता है?,വാക്സിൻ എടുക്കാൻ കഴിയുമോ എന്റെ കോവിഡ് rtpcr പരീക്ഷ ഫലം പോസിറ്റീവ്?,ଟିକା ମୋ କୋଭିଡ୍ RTPCR ପରୀକ୍ଷା ଫଳାଫଳ ନଷ୍ଟ କରିପାରେ କି?,શું રસી લેવાથી મારું કોવિડ RTPCR ટેસ્ટ રિપોર્ટ પોઝિટિવ થઈ શકે છે?,माझी कॉव्हिड राक्षस चाचणी केल्याने लसी घेता येते का?,আমার covid rtpcr পরীক্ষা ফলাফল ইতিবাচক করতে ভ্যাকসিন গ্রহণ করতে পারেন?,ಲಸಿಕೆ ತೆಗೆದುಕೊಳ್ಳಬಹುದು ನನ್ನ covid rtpcr ಪರೀಕ್ಷಾ ಫಲಿತಾಂಶ ಧನಾತ್ಮಕ ಮಾಡಲು?,தடுப்பூசி எடுக்க முடியும் என் Covid Rtpcr சோதனை விளைவாக நேர்மறை?
s34,from_bot,,,No. Your covid RTPCR report should not come positive because of vaccination.,नहीं। टीकाकरण की वजह से आपका कोविड RTPCR रिपोर्ट पॉजिटिव नहीं आना चाहिए।,ഇല്ല. നിങ്ങളുടെ കോവിഡ് ആർടിപിആർ റിപ്പോർട്ട് വാക്സിനേഷൻ കാരണം പോസിറ്റീവ് ആയിരിക്കരുത്.,ନା। ଟୀକାକରଣ ହେତୁ ଆପଣଙ୍କର COVID RTPCR ରିପୋର୍ଟ ସକରାତ୍ମକ ନହେବା ଉଚିତ୍ |,ના. રસીકરણને લીધે તમારી કોવિડ RTPCR રિપોર્ટ પોઝિટિવ આવવો જોઈએ નહીં.,नाही. लसीकरणामुळे तुमचा कोव्हिड RATR अहवाल सकारात्मक येऊ नये.,না। আপনার COVID RTPCR প্রতিবেদন টিকা দেওয়ার কারণে ইতিবাচক না হওয়া উচিত।,ಇಲ್ಲ. ನಿಮ್ಮ COVID rtpcr ವರದಿ ವ್ಯಾಕ್ಸಿನೇಷನ್ ಕಾರಣ ಧನಾತ್ಮಕವಾಗಿ ಬರಬಾರದು.,இல்லை உங்கள் Covid Rtpcr அறிக்கை தடுப்பூசி காரணமாக நேர்மறை வரக்கூடாது.
s35,from_user,s36,"s59,s33,s35,s37,s39,s41,s43,s45,s47,s49,s51,s53,s65",Newspapers and TV news of vaccination scams keep coming. How can I make sure I'm not given a fake vaccinate?,अखबार और TV पर टीकाकरण घोटालों की खबरें आती रहती है। मैं कैसे सुनिश्चित कर सकता हूं कि मुझे नकली टीका नही लगाया गया?,കുത്തിവയ്പ്പ് അഴിമതികളുടെ പത്രങ്ങളും ടിവി വാർത്തകളും വരുന്നു. എനിക്ക് ഒരു വ്യാജ വാക്സിൻ നൽകുന്നില്ലെന്ന് എനിക്ക് എങ്ങനെ ഉറപ്പാക്കാനാകും?,ପ୍ରସାରଣ ସ୍କାମର ଖବରକାଗଜ ଏବଂ ଟିଭି ଖବର ଆସୁଥାଏ | ମୁଁ କିପରି ନିଶ୍ଚିତ କରିପାରିବି ଯେ ମୁଁ ଏକ ନକଲି ଟିକା ଦିଆଯାଇ ନାହିଁ?,રસીકરણના કૌભાંડોના અખબારો અને ટીવીના સમાચાર આવતા રહે છે. હું કેવી રીતે ખાતરી કરી શકું કે મને સાચી રસી આપવામાં આવી છે?,लसीकरण घोटाळ्याचे वृत्तपत्र आणि टीव्ही बातम्या येत असतात. मला खात्री आहे की मला बनावट लसी दिली नाही?,টিকা ও টেলিভিশন ও টিভি সংবাদ আসছে। আমি কিভাবে নিশ্চিত করতে পারি যে আমি একটি জাল টিকা দেওয়া না?,ವೃಜುಕೇಶನ್ ಹಗರಣಗಳ ಪತ್ರಿಕೆಗಳು ಮತ್ತು ಟಿವಿ ಸುದ್ದಿಗಳು ಬರುತ್ತಿವೆ. ನಕಲಿ ಲಸಿಕೆಯನ್ನು ನನಗೆ ನೀಡಲಾಗಿಲ್ಲ ಎಂದು ನಾನು ಹೇಗೆ ಖಚಿತಪಡಿಸಿಕೊಳ್ಳಬಲ್ಲೆ?,செய்தித்தாள்கள் மற்றும் தொலைக்காட்சி செய்திகள் தடுப்பூசி ஸ்கேம்கள் வருகின்றன. நான் ஒரு போலி தடுப்பூசி கொடுக்கப்படவில்லை என்பதை நான் எப்படி உறுதிப்படுத்த முடியும்?
s36,from_bot,,,All vaccinations in India are facilitated by the government's CoWIN platform. You should receive an SMS confirming your vaccination and you can also download the vaccination certificate from the CoWIN system. CoWIN can link each registered mobile number with up to 4 beneficiaries. The vaccination camp is responsible for providing print certificates to all the beneficiaries. The certificate can also be downloaded from cowin.gov.in using the registered mobile number.,भारत में सभी टीकाकरण सरकार के CoWIN प्लेटफॉर्म द्वारा सुगम हैं। आपको अपने टीकाकरण की पुष्टि करने वाला एक एसएमएस प्राप्त होना चाहिए और आप CoWIN सिस्टम से टीकाकरण प्रमाणपत्र भी डाउनलोड कर सकते हैं। CoWIN हरेक पंजीकृत मोबाइल नंबर को अधिकतम 4 लाभार्थियों से जोड़ सकता है। सभी लाभार्थियों को प्रिंट प्रमाण पत्र प्रदान करने के लिए टीकाकरण शिविर जिम्मेदार है। प्रमाण पत्र को पंजीकृत मोबाइल नंबर का उपयोग करके cowin.gov.in से भी डाउनलोड किया जा सकता है।,"ഇന്ത്യയിലെ എല്ലാ പ്രതിരോധ കുത്തിവയ്പ്പുകളും സർക്കാരിന്റെ പശുവിഷൽ സുഗമമാണ്. നിങ്ങളുടെ വാക്സിനേഷൻ സ്ഥിരീകരിക്കുന്ന ഒരു SMS നിങ്ങൾക്ക് ലഭിക്കണം, കൂടാതെ പശുവിന്റെ വാക്സിനേഷൻ സർട്ടിഫിക്കറ്റ് ഡ download ൺലോഡ് ചെയ്യാനും കഴിയും. ഓരോ ഗുണഭോക്താക്കളുമായി രജിസ്റ്റർ ചെയ്ത ഓരോ മൊബൈൽ നമ്പറും മോഹിപ്പിക്കാൻ പശുവിന് കഴിയും. എല്ലാ ഗുണഭോക്താക്കൾക്കും പ്രിന്റ് സർട്ടിഫിക്കറ്റുകൾ നൽകുന്നതിന് വാക്സിനേഷൻ ക്യാമ്പ് കാരണമാകുന്നു. രജിസ്റ്റർ ചെയ്ത മൊബൈൽ നമ്പർ ഉപയോഗിച്ച് covin.gov.in ൽ നിന്നും സർട്ടിഫിക്കറ്റ് ഡ download ൺലോഡ് ചെയ്യാൻ കഴിയും.",ଭାରତର ସମସ୍ତ ଟୀକାକରଣ ସରକାରଙ୍କ ଗା cow ଲିନ୍ ପ୍ଲାଟଫର୍ମ ଦ୍ୱାରା ସୁବିଧା ଅଟେ। ତୁମର ଟୀକାକରଣକୁ ନିଶ୍ଚିତ କରୁଥିବା ଏକ SMS ଗ୍ରହଣ କରିବା ଉଚିତ ଏବଂ ଆପଣ ଗା cow କ୍ୱିନ ସିଷ୍ଟମରୁ ଟୀକାକାରୀ ସାର୍ଟିଫିକେଟ୍ ମଧ୍ୟ ଡାଉନଲୋଡ୍ କରିପାରିବେ | କାଉନ୍ ପ୍ରତ୍ୟେକ ପଞ୍ଜିକୃତ ମୋବାଇଲ୍ ନମ୍ବରକୁ 4 ରେସି ହିତାଧିକାରୀ ସହିତ ଲିଙ୍କ୍ କରିପାରିବେ | ସମସ୍ତ ହିସ୍ରୀମାନଙ୍କ ପାଇଁ ମୁଦ୍ରଣ ସାର୍ଟିଫିକେଟ୍ ପ୍ରଦାନ କରିବା ପାଇଁ ଟାସ୍କିକେସନ୍ କ୍ୟାମ୍ପରେ ଦାୟୀ | ପଞ୍ଜୀକୃତ ମୋବାଇଲ୍ ନମ୍ବର ବ୍ୟବହାର କରି COWin.gov.ogoin ରୁ ଡାଉନଲୋଡ୍ ହୋଇଥିବା ସାର୍ଟିଫିକେଟ୍ ମଧ୍ୟ ଡାଉନଲୋଡ୍ ହୋଇପାରିବ |,ભારતના તમામ રસીઓને સરકારના કોવિન પ્લેટફોર્મ દ્વારા સુવિધા આપવામાં આવે છે. તમારે તમારા રસીકરણની પુષ્ટિ કરતું એક SMS પ્રાપ્ત થવો જોઈએ અને તમે CoWIN સિસ્ટમમાંથી રસીકરણનું પ્રમાણપત્ર પણ ડાઉનલોડ કરી શકો છો. કોવિન દરેક નોંધાયેલા મોબાઇલ નંબરને 4 જેટલા લાભાર્થીઓ સાથે લિંક કરી શકે છે. રસીકરણ શિબિર તમામ લાભાર્થીઓને પ્રિન્ટ સર્ટિફિકેટ આપવા માટે જવાબદાર છે. રજિસ્ટર્ડ મોબાઈલ નંબરનો ઉપયોગ કરીને cowin.gov.in પરથી પ્રમાણપત્ર પણ ડાઉનલોડ કરી શકાય છે.,सरकारच्या गायिन प्लॅटफॉर्मद्वारे भारतातील सर्व लसीकरण सुविधा उपलब्ध आहेत. आपल्या लसीकरणाची पुष्टी करण्यासाठी आपल्याला एक एसएमएस प्राप्त करावा आणि आपण शोकनाईट प्रमाणपत्र देखील कॉर्न सिस्टममधून देखील डाउनलोड करू शकता. कोरे प्रत्येक नोंदणीकृत मोबाइल नंबरवर 4 लाभार्थींसह जोडू शकते. सर्व लाभार्थींना प्रिंट प्रमाणपत्रे प्रदान करण्यासाठी लसीकरण शिबिराचे जबाबदार आहे. नोंदणीकृत मोबाइल नंबर वापरून प्रमाणपत्र colein.gov.in वरून देखील डाउनलोड केले जाऊ शकते.,ভারতে সমস্ত টিকা সরকারের COWIN প্ল্যাটফর্ম দ্বারা সহজলভ্য হয়। আপনি আপনার টিকা নিশ্চিত করার জন্য একটি এসএমএস পাবেন এবং আপনি Cowin সিস্টেম থেকে টিকা সার্টিফিকেট ডাউনলোড করতে পারেন। Cowin 4 সুবিধাভোগী পর্যন্ত প্রতিটি নিবন্ধিত মোবাইল নম্বর লিঙ্ক করতে পারেন। টিকা শিবির সমস্ত সুবিধাভোগীদের মুদ্রণ সার্টিফিকেট প্রদানের জন্য দায়ী। নিবন্ধিত মোবাইল নম্বরটি ব্যবহার করে Cowin.gov.in থেকে শংসাপত্রটি ডাউনলোড করা যেতে পারে।,ಭಾರತದಲ್ಲಿನ ಎಲ್ಲಾ ವ್ಯಾಕ್ಸಿನೇಷನ್ಗಳನ್ನು ಸರ್ಕಾರದ ಕೌನ್ ಪ್ಲಾಟ್ಫಾರ್ಮ್ನಿಂದ ಸುಗಮಗೊಳಿಸುತ್ತದೆ. ನಿಮ್ಮ ವ್ಯಾಕ್ಸಿನೇಷನ್ ದೃಢೀಕರಿಸುವ SMS ಅನ್ನು ನೀವು ಸ್ವೀಕರಿಸಬೇಕು ಮತ್ತು ನೀವು ಕೌನ್ ಸಿಸ್ಟಮ್ನಿಂದ ವ್ಯಾಕ್ಸಿನೇಷನ್ ಪ್ರಮಾಣಪತ್ರವನ್ನು ಸಹ ಡೌನ್ಲೋಡ್ ಮಾಡಬಹುದು. ಕೋವಿನ್ ಪ್ರತಿ ನೋಂದಾಯಿತ ಮೊಬೈಲ್ ಸಂಖ್ಯೆಯನ್ನು 4 ಫಲಾನುಭವಿಗಳೊಂದಿಗೆ ಲಿಂಕ್ ಮಾಡಬಹುದು. ಲಸಿಕೆ ಶಿಬಿರವು ಎಲ್ಲಾ ಫಲಾನುಭವಿಗಳಿಗೆ ಮುದ್ರಣ ಪ್ರಮಾಣಪತ್ರಗಳನ್ನು ಒದಗಿಸುವ ಜವಾಬ್ದಾರಿಯಾಗಿದೆ. ನೋಂದಾಯಿತ ಮೊಬೈಲ್ ಸಂಖ್ಯೆಯನ್ನು ಬಳಸಿಕೊಂಡು Cowin.gov.in ನಿಂದ ಪ್ರಮಾಣಪತ್ರವನ್ನು ಡೌನ್ಲೋಡ್ ಮಾಡಬಹುದು.,இந்தியாவில் உள்ள அனைத்து தடுப்பூசிகளும் அரசாங்கத்தின் பசியின் மேடையில் உதவுகின்றன. உங்கள் தடுப்பூசி உறுதிப்படுத்தும் ஒரு எஸ்எம்எஸ் பெற வேண்டும் மற்றும் நீங்கள் கோவினின் கணினியிலிருந்து தடுப்பூசி சான்றிதழை பதிவிறக்கலாம். ஒவ்வொரு பதிவுசெய்யப்பட்ட மொபைல் எண்ணையும் 4 பயனாளிகளுடன் இணைக்க முடியும். தடுப்பூசி முகாம் அனைத்து பயனாளிகளுக்கும் அச்சு சான்றிதழ்களை வழங்குவதற்கு பொறுப்பாகும். பதிவு செய்யப்பட்ட மொபைல் எண்ணைப் பயன்படுத்தி Cowin.gov.in இலிருந்து சான்றிதழ் பதிவிறக்கம் செய்யலாம்.
s37,from_user,s38,"s59,s33,s35,s37,s39,s41,s43,s45,s47,s49,s51,s53,s65",How long can the vaccine protect me from covid infection?,टीका मुझे कोविड संक्रमण से कितने समय तक सकता है?,വാക്സിൻ എത്ര കാലമായി എന്നെ കോവിഡ് അണുബാധയിൽ നിന്ന് സംരക്ഷിക്കാൻ കഴിയും?,ଟିକା ମୋତେ କେତେ ଦିନ କୋଭିଡ ସଂକ୍ରମଣରୁ ରକ୍ଷା କରିପାରିବ?,રસી મને કોવિડ ઇન્ફેક્શન થી કેટલો સમય માટે બચાવી શકે છે?,कॉव्हिड संक्रमणापासून मला किती वेळ लागतो?,Covid সংক্রমণ থেকে কিভাবে ভ্যাকসিন আমাকে রক্ষা করতে পারেন?,ಲಸಿಕೆಯು ಕೋವಿಡ್ ಸೋಂಕಿನಿಂದ ನನ್ನನ್ನು ಎಷ್ಟು ಕಾಲ ರಕ್ಷಿಸಬಹುದು?,எவ்வளவு காலம் தடுப்பூசி என்னை Covid தொற்று இருந்து என்னை பாதுகாக்க முடியும்?
s38,from_bot,,,"COVID-19 vaccines teach your long-term immunity to fight disease. The body's immune system is capable of sustaining this training for at least 6-9 months to a few years. However, COVID is a rapidly evolving disease, and new variants are emerging everyday. All vaccines so far certified for use in India offer some degree of protection against all variants. We may have to get an updated booster vaccine in the future, but only time will tell.","COVID-19 के टीके बीमारी से लड़ने के लिए आपकी दीर्घकालिक प्रतिरक्षा को सिखाते हैं। शरीर की प्रतिरक्षा प्रणाली इस प्रशिक्षण को कम से कम 6-9 महीने से लेकर कुछ वर्षों तक बनाए रखने में सक्षम है। हालाँकि, कोविड एक तेजी से विकसित होने वाली बीमारी है, और हर दिन नए रूप (वेरियंट) सामने आ रहे हैं। भारत में उपयोग के लिए प्रमाणित सभी टीके सभी वेरियंट से कुछ सुरक्षा प्रदान करते हैं। हमें भविष्य में अपडेटेड बूस्टर वैक्सीन लेनी पड़े यह संभावना है, लेकिन केवल समय ही बताएगा।","രോഗത്തെ പ്രതിരോധിക്കാൻ കോവിഡ് -19 വാക്സിൻസുകൾ നിങ്ങളുടെ ദീർഘകാലാവധി പഠിപ്പിക്കുന്നു. ശരീരത്തിന്റെ രോഗപ്രതിരോധ ശേഷി 6-9 മാസം മുതൽ കുറച്ച് വർഷങ്ങൾ വരെ ഈ പരിശീലനം നിലനിർത്താൻ കഴിവുള്ളതാണ്. എന്നിരുന്നാലും, ഉടമ്പടി അതിവേഗം വികസിച്ചുകൊണ്ടിരിക്കുന്ന ഒരു രോഗമാണ്, കൂടാതെ പുതിയ വേരിയന്റുകൾ ദിവസവും ഉയർന്നുവരുന്നു. എല്ലാ വാക്സിനുകളും ഇതുവരെ ഉപയോഗത്തിനായി സർട്ടിഫിക്കറ്റ് സർട്ടിഫിക്കറ്റ്, എല്ലാ വകഭേദങ്ങളിലും ഒരു പരിധിവരെ സംരക്ഷണം നൽകുന്നു. ഭാവിയിൽ ഞങ്ങൾക്ക് ഒരു അപ്ഡേറ്റുചെയ്ത ബൂസ്റ്റർ വാക്സിൻ ലഭിക്കേണ്ടി വന്നേക്കാം, പക്ഷേ സമയം മാത്രമേ പറയൂ.","Coidd-19 ଟିକା ଚଳାଚଳ ସହିତ ଆପଣଙ୍କର ଦୀର୍ଘକାଳୀନ ପ୍ରତିରୋଧକୁ ଶିକ୍ଷା ଦିଏ | ଶରୀରର ପ୍ରତିରୋପଣ ପ୍ରଣାଳୀ ଅତିକମରେ 6-9 ମାସ ପର୍ଯ୍ୟନ୍ତ ଏହି ତାଲିମକୁ ସ୍ଥଗିତ ରଖିବା ସକ୍ଷମ ଅଟେ | ତଥାପି, ଅଭିଦ୍ଧିକାରୀମାନେ ଦ୍ରୁତ ଗତିରେ ବିକଶିତ ରୋଗ, ଏବଂ ନୂତନ ପ୍ରକାର ଦିଶୁତ୍ର ଉଦୟ ହୋଇଯାଆନ୍ତି | ଭାରତରେ ବ୍ୟବହାର ପାଇଁ ଏପର୍ଯ୍ୟନ୍ତ ସମସ୍ତ ଟୀକାକରଣ ସମସ୍ତ ଟିକା ସମସ୍ତ ପ୍ରକାର ବିରୁଦ୍ଧରେ କିଛି ମାତ୍ରାରେ ସୁରକ୍ଷା ପ୍ରଦାନ କରିଥାଏ | ଭବିଷ୍ୟତରେ ଆମକୁ ଏକ ଅପଡେଟ୍ ବୁଷ୍ଟର୍ ଟିକା ପାଇବାକୁ ପଡିପାରେ, କିନ୍ତୁ କେବଳ ସମୟ କହିବ |","COVID-19 રસીઓ રોગ સામે લડવાની તમારી લાંબા ગાળાની પ્રતિરક્ષા શીખવે છે. શરીરની રોગપ્રતિકારક શક્તિ ઓછામાં ઓછી 6-9 મહિનાથી થોડા વર્ષો સુધી આ તાલીમ ટકાવી રાખવામાં સક્ષમ છે. જો કે, કોવિડ એ ઝડપથી વિકસિત થતો રોગ છે, અને રોજ નવા રૂપ (વેરિયંટ) ઉભરી રહ્યા છે. ભારતમાં વપરાશ માટે  પ્રમાણિત તમામ રસી બધા પ્રકારનાં વેરિયંટ સામે કેટલાક પ્રમાણમાં રક્ષણ આપે છે. આપણે ભવિષ્યમાં ઉપડેટેડ બૂસ્ટર રસી લેવી પડવાની શક્યતા છે, પરંતુ  આ વાત સમય જ જણાવશે.","कॉव्हिड -1 9 लस रोगाशी लढण्यासाठी आपल्या दीर्घकालीन प्रतिकारशक्तीला शिकवते. शरीराच्या रोगप्रतिकार यंत्रणा कमीतकमी 6-9 महिन्यांपर्यंत काही वर्षांपासून ही प्रशिक्षण टिकवून ठेवण्यास सक्षम आहे. तथापि, कॉव्हिड वेगाने विकसित होत आहे आणि दररोज नवीन रूपे उभरत आहेत. भारतातील वापरल्या जाणार्या सर्व लस सर्व प्रकारांविरुद्ध काही प्रमाणात संरक्षण देतात. आम्हाला भविष्यात अद्ययावत बूस्टरची जाणीव करावी लागेल, परंतु केवळ वेळ सांगेल.","Covid-19 টি টিকা রোগের বিরুদ্ধে লড়াইয়ের জন্য আপনার দীর্ঘমেয়াদী অনাক্রম্যতা শেখান। শরীরের প্রতিরক্ষা ব্যবস্থা কয়েক বছরের কমপক্ষে 6-9 মাসের জন্য এই প্রশিক্ষণটি বজায় রাখতে সক্ষম। যাইহোক, Covid একটি দ্রুত বিকাশমূলক রোগ, এবং নতুন বৈকল্পিক দৈনন্দিন উদীয়মান হয়। ভারতে ব্যবহারের জন্য প্রত্যয়িত সমস্ত টিকা সব বৈকল্পিক বিরুদ্ধে কিছু ডিগ্রী প্রস্তাব। আমরা ভবিষ্যতে একটি আপডেট বুস্টার ভ্যাকসিন পেতে হতে পারে, কিন্তু শুধুমাত্র সময় বলতে হবে।","COVID-19 ಲಸಿಕೆಗಳು ನಿಮ್ಮ ದೀರ್ಘಾವಧಿಯ ವಿನಾಯಿತಿಯನ್ನು ಕಾಯಿಲೆಗೆ ಹೋರಾಡಲು ಕಲಿಸುತ್ತವೆ. ದೇಹದ ಪ್ರತಿರಕ್ಷಣಾ ವ್ಯವಸ್ಥೆಯು ಈ ತರಬೇತಿಯನ್ನು ಕನಿಷ್ಠ 6-9 ತಿಂಗಳವರೆಗೆ ಕೆಲವು ವರ್ಷಗಳವರೆಗೆ ಸಮರ್ಥಗೊಳಿಸುತ್ತದೆ. ಆದಾಗ್ಯೂ, ಕೋವಿಡ್ ವೇಗವಾಗಿ ವಿಕಸನ ಕಾಯಿಲೆಯಾಗಿದ್ದು, ಹೊಸ ರೂಪಾಂತರಗಳು ದೈನಂದಿನ ಹೊರಹೊಮ್ಮುತ್ತಿವೆ. ಭಾರತದಲ್ಲಿ ಬಳಕೆಗೆ ಸಂಬಂಧಿಸಿದಂತೆ ಎಲ್ಲಾ ಲಸಿಕೆಗಳು ಎಲ್ಲಾ ರೂಪಾಂತರಗಳ ವಿರುದ್ಧ ರಕ್ಷಣೆ ನೀಡುತ್ತವೆ. ನಾವು ಭವಿಷ್ಯದಲ್ಲಿ ನವೀಕರಿಸಿದ ಬೂಸ್ಟರ್ ಲಸಿಕೆ ಪಡೆಯಬೇಕಾಗಬಹುದು, ಆದರೆ ಸಮಯ ಮಾತ್ರ ಹೇಳುತ್ತದೆ.","Covid-19 தடுப்பூசிகள் நோயை எதிர்த்து போராட உங்கள் நீண்டகால நோய் எதிர்ப்பு சக்தி கற்பிக்கின்றன. உடலின் நோயெதிர்ப்பு அமைப்பு குறைந்தபட்சம் 6-9 மாதங்களுக்கு ஒரு சில ஆண்டுகளுக்கு இந்த பயிற்சியைத் தக்கவைத்துக் கொள்ளும் திறன் கொண்டது. இருப்பினும், Covid ஒரு விரைவாக உருவாகி நோய் ஆகும், புதிய வகைகள் தினமும் வளர்ந்து வருகின்றன. இந்தியாவில் பயன்படுத்துவதற்கு இதுவரை சான்றளிக்கப்பட்ட அனைத்து தடுப்பூசிகளும் அனைத்து வகைகளுக்கும் எதிராக சில பாதுகாப்புகளை வழங்குகின்றன. எதிர்காலத்தில் ஒரு மேம்படுத்தப்பட்ட பூஸ்டர் தடுப்பூசி பெற வேண்டும், ஆனால் நேரம் மட்டுமே சொல்லும்."
s39,from_user,s40,"s59,s33,s35,s37,s39,s41,s43,s45,s47,s49,s51,s53,s65",Can I take non-vegetarian food after vaccination? Do I have to have any restrictions on eating?,क्या मैं टीकाकरण के बाद मांसाहारी भोजन ले सकता हूँ? क्या मुझे खाने पर कोई प्रतिबंध लगाना चाहिए?,വാക്സിനേഷന് ശേഷം എനിക്ക് വെജിറ്റേറിയൻ ഭക്ഷണം കഴിക്കാമോ? എനിക്ക് എന്തെങ്കിലും നിയന്ത്രണങ്ങൾ കഴിക്കേണ്ടതുണ്ടോ?,ଟୀକାକରଣ ପରେ ମୁଁ ଅଣ-ଶାକାହାରୀ ଖାଦ୍ୟ ନେଇପାରେ କି? ଖାଇବା ଉପରେ ମୋର କ restr ଣସି ପ୍ରତିବନ୍ଧକ ଅଛି କି?,રસીકરણ પછી શું હું માંસાહારી ખોરાક લઈ શકું છું? શું મારે ખાવામાં કોઈ કોઈ પ્રતિબંધ રાખવાનો રહેશે?,लसीकरणानंतर मी मांसाहारी अन्न घेऊ शकतो का? मला खाण्यावर कोणतेही बंधने असणे आवश्यक आहे का?,আমি কি টিকা পরে অ নিরামিষ খাবার নিতে পারি? আমি খাওয়া উপর কোনো নিষেধাজ্ঞা আছে কি?,ಲಸಿಕೆ ನಂತರ ನಾನು ಸಸ್ಯಾಹಾರಿ ಆಹಾರವನ್ನು ತೆಗೆದುಕೊಳ್ಳಬಹುದೇ? ತಿನ್ನುವಲ್ಲಿ ನಾನು ಯಾವುದೇ ನಿರ್ಬಂಧಗಳನ್ನು ಹೊಂದಿರಬೇಕೇ?,தடுப்பூசி பிறகு நான் அல்லாத சைவ உணவு எடுத்து கொள்ள முடியுமா? நான் சாப்பிடுவதில் எந்த கட்டுப்பாடுகளும் இருக்க வேண்டுமா?
s40,from_bot,,,"There are no food restrictions associated with vaccination. You can eat the food you want, including a non-vegetarian diet before and after vaccinations. However, eating simple and light foods is always good for the body. :)",टीकाकरण के साथ कोई खाद्य प्रतिबन्ध जुड़े नहीं हैं। आप टीकाकरण से पहले और बाद में मांसाहारी आहार सहित अपनी पसंद का खाना खा सकते हैं। हालांकि सादा और हल्का खाना हमेशा शरीर के लिए अच्छा होता है। :),"വാക്സിനേഷനുമായി ബന്ധപ്പെട്ട ഭക്ഷണ നിയന്ത്രണങ്ങളൊന്നുമില്ല. വാക്സിനേഷനുകൾക്ക് മുമ്പും ശേഷവും ഒരു വെജിറ്റേറിയൻ ഇതര ഭക്ഷണം ഉൾപ്പെടെ നിങ്ങൾക്ക് വേണ്ട ഭക്ഷണം നിങ്ങൾക്ക് കഴിക്കാം. എന്നിരുന്നാലും, ലളിതവും നേരിയതുമായ ഭക്ഷണങ്ങൾ കഴിക്കുന്നത് എല്ലായ്പ്പോഴും ശരീരത്തിന് നല്ലതാണ്. :)","ଟୀକାକରଣ ସହିତ ଜଡିତ କ food ଣସି ଖାଦ୍ୟ ପ୍ରତିବନ୍ଧକ ନାହିଁ | ଆପଣ ଚାହୁଁଥିବା ଖାଦ୍ୟ ଖାଇ ପାରିବେ, ଟୀକାକରଣ ପୂର୍ବରୁ ଏବଂ ପରେ ଏକ ହସ୍ତାନ୍ତର ଡାଏଟ୍ ଅନ୍ତର୍ଭୁକ୍ତ କରେ | ତଥାପି, ସରଳ ଏବଂ ହାଲୁକା ଖାଦ୍ୟ ଖାଇବା ଶରୀର ପାଇଁ ସର୍ବଦା ଭଲ | :)","રસીકરણ સાથે સંકળાયેલ ખોરાક સંબંધિત કોઈ પ્રતિબંધો નથી. તમે રસીકરણ પહેલાં અને પછી માંસાહારી આહાર સહિત તમને જોઈતા ખોરાકને ખાય શકો છો. તેમ છતાં, સરળ અને હળવા ખોરાક લેવું હમેશા શરીર માટે સારું છે. :)","लसीकरण संबद्ध कोणतेही अन्न निर्बंध नाहीत. लसीकरणापूर्वी आणि नंतर, मांसाहारी आहारासह आपण इच्छित असलेले अन्न खाऊ शकता. तथापि, साधे आणि हलके पदार्थ खाणे नेहमीच चांगले असते. :)","টিকা সঙ্গে যুক্ত কোন খাদ্য সীমাবদ্ধতা আছে। আপনি যে খাবারটি চান তা খেতে পারেন, টিকা আগে এবং পরে একটি অ-নিরামিষাশী ডায়েট সহ। যাইহোক, সহজ এবং হালকা খাবার খাওয়া সবসময় শরীরের জন্য ভাল। :)","ವ್ಯಾಕ್ಸಿನೇಷನ್ಗೆ ಸಂಬಂಧಿಸಿದ ಯಾವುದೇ ಆಹಾರ ನಿರ್ಬಂಧಗಳಿಲ್ಲ. ನೀವು ಬಯಸುವ ಆಹಾರವನ್ನು ತಿನ್ನುವ ಆಹಾರವನ್ನು ತಿನ್ನುವ ಆಹಾರವನ್ನು ತಿನ್ನಬಹುದು. ಆದಾಗ್ಯೂ, ಸರಳ ಮತ್ತು ಬೆಳಕಿನ ಆಹಾರಗಳನ್ನು ತಿನ್ನುವುದು ದೇಹಕ್ಕೆ ಯಾವಾಗಲೂ ಒಳ್ಳೆಯದು. :)","தடுப்பூசி தொடர்புடைய உணவு கட்டுப்பாடுகள் இல்லை. தடுப்பூசிகளுக்கு முன்பும் பின்பும் ஒரு சைவ உணவு உண்ணும் உணவு உட்பட நீங்கள் விரும்பும் உணவை உண்ணலாம். இருப்பினும், எளிய மற்றும் ஒளி உணவுகளை சாப்பிடுவது எப்போதும் உடலுக்கு நல்லது. :)"
s41,from_user,s42,"s59,s33,s35,s37,s39,s41,s43,s45,s47,s49,s51,s53,s65",Is there any restriction on the consumption of alcohol before or after vaccination?,क्या टीकाकरण से पहले या बाद में शराब के सेवन पर कोई रोक टोक रखनी चाहिए?,വാക്സിനേഷന് മുമ്പോ ശേഷമോ മദ്യം ഉപഭോഗത്തിന് എന്തെങ്കിലും നിയന്ത്രണം ഉണ്ടോ?,ଟୀକାକରଣ ପୂର୍ବରୁ କିମ୍ବା ପରେ ମଦ୍ୟପାନ ଉପରେ କୌଣସି ପ୍ରତିବନ୍ଧକ ଅଛି କି ?,શું રસીકરણ પહેલાં અથવા પછી દારૂ ના સેવન પર કોઈ રોક ટોક રાખવી જોઈએ?,लसीकरणापूर्वी किंवा नंतर अल्कोहोलच्या वापरावर कोणतेही बंधन आहे का?,টিকা আগে বা পরে অ্যালকোহল খরচ উপর কোন নিষেধাজ্ঞা আছে?,ಲಸಿಕೆ ಮೊದಲು ಅಥವಾ ನಂತರ ಆಲ್ಕೋಹಾಲ್ ಸೇವನೆಯ ಮೇಲೆ ಯಾವುದೇ ನಿರ್ಬಂಧವಿದೆಯೇ?,தடுப்பூசி முன் அல்லது பின் ஆல்கஹால் நுகர்வு எந்த கட்டுப்பாடு உள்ளது?
s42,from_bot,,,"There has been no public advice from health agencies on stopping alcohol consumption after vaccination. Although as alcohol can interfere with the body's immune system, it is advised not to drink alcohol or drink less than 30 ml a day for about 7-10 days after vaccination.","टीकाकरण के बाद शराब के सेवन को रोकने पर स्वास्थ्य एजेंसियों की ओर से कोई सार्वजनिक सलाह नहीं दी गई है। हालांकि शराब शरीर की प्रतिरक्षा प्रणाली में हस्तक्षेप कर सकती है, इसलिए यह सलाह दी जाती है कि टीकाकरण के लगभग 7-10 दिन बाद तक शराब न पिएं या दिन में 30 मिलीलीटर से कम पिएं।","വാക്സിനേഷന് ശേഷം മദ്യപാനം തടയുന്നതിലൂടെ ആരോഗ്യ ഏജൻസികളിൽ നിന്ന് ഒരു പൊതു ഉപദേശവുമില്ല. ശരീരത്തിന്റെ രോഗപ്രതിരോധ ശേഷിയിൽ മദ്യം ഇടപെടാൻ കഴിയുമെങ്കിലും, വാക്സിനേഷന് ശേഷം 7-10 ദിവസത്തേക്ക് ഒരു ദിവസം 30 മില്ലിയിൽ കുറവ് കുടിക്കുകയോ ചെയ്യരുത്.","ଟୀକାକରଣ ପରେ ମଦ୍ୟପାନ କରିବା ପରେ ସ୍ୱାସ୍ଥ୍ୟ ଏଜେନ୍ସିଗୁଡିକରୁ ସରକାରୀ ଉପସୀତା ନାହିଁ | ଯଦିଓ ମଦ୍ୟପାନ ଶରୀରର ପ୍ରତିରକ୍ଷା ପ୍ରଣାଳୀରେ ବାଧା ଦେଇପାରେ, ଏହା ଟୀକାକରଣର ପ୍ରାୟ 7-10 ଦିନ ପରେ ପ୍ରାୟ 7-10 ଦିନ ପରେ 30 ମ୍ୟାକ୍ ରୁ କମ୍ ମକୋହ que ତୁଲଫୁସ ନକରିବା ଦ୍ୱାରା ପରାମର୍ଶ ଦିଆଯାଏ |","આરોગ્ય એજન્સીઓ તરફથી રસીકરણ પછી દારૂ ના સેવન પર રોક ટોક કરવા અંગે  કોઈ જાહેર સલાહ આપવા માં આવેલ નથી. તેમ છતાં દારૂ શરીરની રોગપ્રતિકારક શક્તિમાં દખલ કરી શકે છે, એ ધ્યાન માં રાખી રસીકરણ પછી ના લગભગ 7-10 દિવસ માટે દારૂ ના પીવો અથવા દિવસમાં 30ml થી ઓછો દારૂ પીવું એ ઉચિત છે.","लसीकरणानंतर अल्कोहोल वापर थांबवण्यावर आरोग्य एजन्सीजकडून सार्वजनिक सल्ला नव्हता. जरी अल्कोहोल शरीराच्या रोगप्रतिकार यंत्रणेत व्यत्यय आणू शकते, तरीसुद्धा लसीकरणानंतर सुमारे 7-10 दिवसांसाठी 30 मिली पेक्षा कमी दारू पिणे किंवा प्यावे.","টিকা পরে অ্যালকোহল ব্যবহার বন্ধ করার জন্য স্বাস্থ্য সংস্থার কোন পাবলিক পরামর্শ নেই। যদিও অ্যালকোহল শরীরের প্রতিরক্ষা ব্যবস্থার সাথে হস্তক্ষেপ করতে পারে, তবে এটি টিকা পরে প্রায় 7-10 দিনের জন্য অ্যালকোহল পান করতে বা 30 মিলিমিটারেরও কম পান করার পরামর্শ দেওয়া হয় না।","ಲಸಿಕೆ ನಂತರ ಆಲ್ಕೋಹಾಲ್ ಸೇವನೆಯನ್ನು ನಿಲ್ಲಿಸುವಲ್ಲಿ ಆರೋಗ್ಯ ಸಂಸ್ಥೆಗಳು ಯಾವುದೇ ಸಾರ್ವಜನಿಕ ಸಲಹೆಗಳಿಲ್ಲ. ಆಲ್ಕೋಹಾಲ್ ದೇಹದ ಪ್ರತಿರಕ್ಷಣಾ ವ್ಯವಸ್ಥೆಯಲ್ಲಿ ಹಸ್ತಕ್ಷೇಪ ಮಾಡಬಹುದು ಆದಾಗ್ಯೂ, ಲಸಿಕೆ ನಂತರ ಸುಮಾರು 7-10 ದಿನಗಳ ಕಾಲ ಸುಮಾರು 7-10 ದಿನಗಳ ಕಾಲ 30 ಮಿಲಿಗಿಂತ ಕಡಿಮೆ ಕುಡಿಯಲು ಅಥವಾ ಕುಡಿಯಲು ಸಲಹೆ ನೀಡಲಾಗುತ್ತದೆ.","தடுப்பூசி பின்னர் மது நுகர்வு நிறுத்துவதில் சுகாதார முகவர் இருந்து பொது ஆலோசனை இல்லை. ஆல்கஹால் உடலின் நோயெதிர்ப்பு மண்டலத்துடன் தலையிட முடியாவிட்டாலும், ஆல்கஹால் குடிக்கவோ அல்லது 30 மில்லியனுக்கும் குறைவாக 30 மில்லியனுக்கும் குறைவாகவோ குடிக்கக்கூடாது என்று அறிவுறுத்தப்படுகிறது."
s43,from_user,s44,"s59,s33,s35,s37,s39,s41,s43,s45,s47,s49,s51,s53,s65",I am planning to travel abroad. Which vaccine should I get?,मैं विदेश यात्रा करने की योजना बना रहा हूं। मुझे कौन सा टीका लगवाना चाहिए?,ഞാൻ വിദേശത്ത് യാത്ര ചെയ്യാൻ ഒരുങ്ങുകയാണ്. എനിക്ക് ഏത് വാക്സിൻ ലഭിക്കും?,ମୁଁ ବିଦେଶ ଭ୍ରମଣ କରିବାକୁ ଯୋଜନା କରୁଛି । ମୁଁ କେଉଁ ଟିକା ପାଇବା ଉଚିତ୍ ?,હું વિદેશ પ્રવાસ કરવાની યોજના બનાવી રહ્યો છું. મારે કઇ રસી લેવી જોઈએ?,मी परदेशात प्रवास करण्याचा विचार करीत आहे. मला कोणती लसी मिळेल?,আমি বিদেশে ভ্রমণ করার পরিকল্পনা করছি। আমি কোন ভ্যাকসিন পেতে হবে?,ನಾನು ವಿದೇಶದಲ್ಲಿ ಪ್ರಯಾಣಿಸಲು ಯೋಜಿಸುತ್ತಿದ್ದೇನೆ. ಯಾವ ಲಸಿಕೆ ನಾನು ಪಡೆಯಬೇಕು?,நான் வெளிநாட்டில் பயணம் செய்ய திட்டமிட்டுள்ளேன். எந்த தடுப்பூசி நான் பெற வேண்டும்?
s44,from_bot,,,"In such cases your choice of vaccine would depend on the country you are travelling to. As of now, out of the vaccines approved for use in India, Covishield (Indian made Oxford Astra-Zeneca vaccine) and Moderna (mRNA vaccine distributed in India by Cipla) are the ones with the widest international approval as per WHO standards. WHO is continuously reviewing and approving new vaccines, so you can get the most up-to-date information from their website by following the link below. https://tinyurl.com/5annk4ux","ऐसे मामलों में आपकी टीके का चुनाव उस देश पर निर्भर करेगा जहां आप यात्रा कर रहे हैं। अब तक, भारत में उपयोग के लिए स्वीकृत टीकों में से कोविशील्ड (भारतीय निर्मित ऑक्सफोर्ड एस्ट्रा-जेनेका वैक्सीन) और मॉडेर्ना (सिप्ला द्वारा भारत में वितरित एमआरएनए वैक्सीन) WHO मानकों के अनुसार व्यापक अंतरराष्ट्रीय अनुमोदन प्राप्त कर चुकी हैं। WHO लगातार नए टीकों की समीक्षा और अनुमोदन कर रहा है, इसलिए आप नीचे दिए गए लिंक का अनुसरण करके उनकी वेबसाइट से नवीनतम जानकारी प्राप्त कर सकते हैं। https://tinyurl.com/5annk4ux","അത്തരം സന്ദർഭങ്ങളിൽ നിങ്ങൾ യാത്ര ചെയ്യുന്ന രാജ്യത്തെ ആശ്രയിച്ചിരിക്കും. ഇപ്പോൾ, ഇന്ത്യയിലെ ഉപയോഗത്തിനായി അംഗീകരിച്ച വാക്സിനുകളിൽ നിന്ന്, ഉടമ്പടി (ഇന്ത്യൻ ആഞ്ഞടിച്ച ഓക്സ്ഫോർഡ് ആസ്ട്രക്ക-സെനെക്ക വാക്സിൻ), മോതിര (സിപ്ല വാക്സിൻ) മാനദണ്ഡങ്ങൾ നടത്തുന്നവരാണ്. പുതിയ വാക്സിനുകൾ തുടർച്ചയായി അവലോകനം ചെയ്യുകയും അംഗീകരിക്കുകയും ചെയ്യുന്നവർ, അതിനാൽ ചുവടെയുള്ള ലിങ്ക് പിന്തുടർന്ന് നിങ്ങൾക്ക് അവരുടെ വെബ്സൈറ്റിൽ നിന്ന് ഏറ്റവും കൂടുതൽ വിവരങ്ങൾ നേടാനാകും. https://tinyurl.com/5annk4ux","ଏପରି ପରିସ୍ଥିତିରେ ତୁମର ଟିକା ପସନ୍ଦ କରୁଥିବା ଦେଶ ଉପରେ ଆପଣ ଭ୍ରମଣ କରୁଥିବା ଦେଶ ଉପରେ ନିର୍ଭର କରେ | ବର୍ତ୍ତମାନ ସୁଦ୍ଧା, ଭାରତରେ ବ୍ୟବହାର ପାଇଁ ଅନୁମୋଦିତ ଟାପ୍ଲାଇନ୍ ମଧ୍ୟରୁ, କରିଡିଶ୍ (ଭାରତୀୟ ଅକ୍ସଫୋସିଆ ଆନ୍ଥ୍ରା ଭିକେଲିନ୍) ଏବଂ ମୋର୍ନାଏନ୍ (ବ୍ରିଟେନ ଟିକା ଅକ୍ସପେଲାଙ୍କ ଅନୁଯାୟୀ) ସେଭାଲ୍ ପାଇଁ ବିଦ୍ଧୀତ ଆନ୍ତର୍ଜାତୀୟ ଅନୁମୋଦନ ସହିତ) | ଯିଏ ନିରନ୍ତର ନୂତନ ଟିକା ଯୋଗ ଏବଂ ଅନୁମୋଦନ କରୁଛନ୍ତି, ତେଣୁ ଆପଣ ନିମ୍ନ ଲିଙ୍କ୍ ଅନୁସରଣ କରି ସେମାନଙ୍କ ୱେବସାଇଟରୁ ଅଧିକ ଅତ୍ୟାଧୁନିକ ସୂଚନା ପାଇପାରିବେ | https://tineurl.com/5anknk4ux","આવા કિસ્સાઓમાં તમારી રસીની પસંદગી તમે મુસાફરી કરી રહ્યા છો તે દેશ પર નિર્ભર રહેશે. હજી સુધી ભારતમાં ઉપયોગ માટે મંજૂરી પામેલ રસિયોન માંથી કોવિશિલ્ડ (ભારતીય બનાવટની ઓક્સફર્ડ એસ્ટ્રા-ઝેનેકા રસી) અને મોડર્ના (સિપ્લા દ્વારા ભારતમાં વિતરિત એમઆરએનએ રસી) WHO ધોરણો અનુસાર આંતરરાષ્ટ્રીય મંજૂરી મેળવેલ છે. WHO સતત નવી રસીઓની સમીક્ષા અને મંજૂરી આપી રહ્યું છે, જેથી તમે નીચેની લિંકને અનુસરીને તેમની વેબસાઇટથી નવીનતમ માહિતી મેળવી શકો છો. https://tinyurl.com/5annk4ux","अशा परिस्थितीत आपली लस तुमची लस आपण ज्या देशात प्रवास करीत आहात त्यावर अवलंबून असेल. आता भारतात, कॉव्हीशिल्ड (भारतीय बनलेले ऑक्सफर्ड अॅस्ट्रा-झेनेका) आणि आधुनिक (एमआरएनए लस) भारतातील वितरीत केलेल्या आधुनिक (एमआरएनए लस) हे मानकांनुसार विस्तृत आंतरराष्ट्रीय मान्यता असलेल्या आहेत. नवीन लसींचे पुनरावलोकन आणि मंजूर करणारे कोण आहे, म्हणून आपण खालील दुव्याचे अनुसरण करून त्यांच्या वेबसाइटवरून सर्वात अद्ययावत माहिती मिळवू शकता. https://tinyurl.com/5ank4ux.","এই ক্ষেত্রে আপনার ভ্যাকসিনের আপনার পছন্দ যা আপনি ভ্রমণ করছেন তার উপর নির্ভর করবে। এখন, ভারতে ব্যবহারের জন্য অনুমোদিত টিকা থেকে, কোভিশিল্ড (ভারতীয় তৈরি অক্সফোর্ড এস্ট্রা অ্যাস্ট্রা-জেনেকা ভ্যাকসিন) এবং আধুনিক (সিপ্লার দ্বারা ভারতের এমআরএনএ ভ্যাকসিন) কে স্ট্যান্ডার্ডগুলির মতো ব্যাপক আন্তর্জাতিক অনুমোদনের সাথে রয়েছে। যারা নতুন ভ্যাকসিনগুলি ক্রমাগত পর্যালোচনা এবং অনুমোদন করছে, তাই আপনি নীচের লিঙ্কটি অনুসরণ করে তাদের ওয়েবসাইট থেকে সর্বাধিক আপ টু ডেট তথ্য পেতে পারেন। https://tinyurl.com/5annk4ux.","ಅಂತಹ ಸಂದರ್ಭಗಳಲ್ಲಿ ನಿಮ್ಮ ಲಸಿಕೆಯ ಆಯ್ಕೆಯು ನೀವು ಪ್ರಯಾಣಿಸುತ್ತಿರುವ ದೇಶವನ್ನು ಅವಲಂಬಿಸಿರುತ್ತದೆ. ಇಂದಿನವರೆಗೂ, ಭಾರತದಲ್ಲಿ ಬಳಕೆಗೆ ಅನುಮೋದಿಸಿದ ಲಸಿಕೆಗಳು, ಸಿವಿಶೈಲ್ಡ್ (ಇಂಡಿಯನ್ ಮಾಡಿದ ಆಕ್ಸ್ಫರ್ಡ್ ಅಸ್ಟ್ರಾ-ಝೆನೆಕಾ ಲಸಿಕೆ) ಮತ್ತು ಆಧುನಿಕ (ಸಿಪ್ಲಾದಿಂದ ಭಾರತದಲ್ಲಿ ಹಂಚುವ ಎಮ್ಆರ್ಎನ್ಎ ಲಸಿಕೆ) ಯಾರು ಮಾನದಂಡಗಳ ಪ್ರಕಾರ ವಿಶಾಲ ಅಂತರರಾಷ್ಟ್ರೀಯ ಅನುಮೋದನೆಯೊಂದಿಗೆ ಇದ್ದಾರೆ. ಹೊಸ ಲಸಿಕೆಗಳನ್ನು ನಿರಂತರವಾಗಿ ಪರಿಶೀಲಿಸುವುದು ಮತ್ತು ಅಂಗೀಕರಿಸುವುದು ಯಾರು, ಆದ್ದರಿಂದ ಕೆಳಗಿನ ಲಿಂಕ್ ಅನ್ನು ಅನುಸರಿಸುವುದರ ಮೂಲಕ ನೀವು ಅವರ ವೆಬ್ಸೈಟ್ನಿಂದ ಅತ್ಯಂತ ನವೀಕೃತ ಮಾಹಿತಿಯನ್ನು ಪಡೆಯಬಹುದು. https://tinyurl.com/5ank4ux","இத்தகைய சந்தர்ப்பங்களில் தடுப்பூசியின் தேர்வு நீங்கள் பயணிக்கும் நாட்டில் சார்ந்து இருக்கும். இப்போது போலவே, இந்தியாவில் பயன்படுத்த ஒப்புதல் அளித்த தடுப்பூசிகளில், CoviShield (இந்திய ஆக்ஸ்போர்டு ஆக்ஸ்போர்டு ஆக்ஸ்போர்டு அஸ்ட்ரா-ஜென்னா தடுப்பூசி) மற்றும் நவீனமயமாக்கப்பட்டார். யார் தொடர்ச்சியாக புதிய தடுப்பூசிகளை மதிப்பாய்வு செய்து ஒப்புக்கொள்கிறார்கள், எனவே கீழே உள்ள இணைப்பைப் பின்பற்றுவதன் மூலம் அவர்களின் வலைத்தளத்திலிருந்து மிகவும் புதுப்பித்த தகவலை நீங்கள் பெறலாம். https://tinyurl.com/5annk4ux."
s45,from_user,s46,"s59,s33,s35,s37,s39,s41,s43,s45,s47,s49,s51,s53,s65",Is one vaccine better than others? Do vaccines protect against Delta and Lambda variant?,क्या एक टीका दूसरों से बेहतर है? क्या टीके डेल्टा और लैम्ब्डा वैरिएंट से रक्षा करते हैं?,"ഒരു വാക്സിൻ മറ്റുള്ളവരെക്കാൾ മികച്ചതാണോ? ഡെൽറ്റ, ലാംഡ വേരിയൻറ് എന്നിവയ്ക്കെതിരെ വാക്സിനുകൾ സംരക്ഷിക്കുന്നുണ്ടോ?",ଗୋଟିଏ ଟିକା ଅନ୍ୟମାନଙ୍କ ତୁଳନାରେ ଭଲ କି ?  ଟିକାଗୁଡ଼ିକ ଡେଲଟା ଏବଂ ଲାମଡା ପ୍ରକାରରୁ ରକ୍ଷା କରେ କି ?,શું એક રસી અન્ય કરતા વધુ સારી છે? શું રસીઓ ડેલ્ટા અને લેમ્બડા વેરિયંટ સામે રક્ષણ આપે છે?,इतरांपेक्षा एक लसी चांगली आहे का? डेल्टा आणि लंबडा वारा विरूद्ध लस करा?,অন্যদের চেয়ে ভাল এক টিকা ভাল? ডেল্টা এবং Lambda বৈকল্পিক বিরুদ্ধে ভ্যাকসিন রক্ষা করবেন না?,ಇತರರಿಗಿಂತ ಒಂದು ಲಸಿಕೆ ಉತ್ತಮವಾಗಿದೆಯೇ? ಡೆಲ್ಟಾ ಮತ್ತು ಲ್ಯಾಂಬ್ಡಾ ರೂಪಾಂತರದ ವಿರುದ್ಧ ಲಸಿಕೆಗಳು ರಕ್ಷಿಸುತ್ತವೆಯೇ?,மற்றவர்களை விட ஒரு தடுப்பூசி சிறந்தது? தடுப்பூசிகள் டெல்டா மற்றும் லாம்ப்டா மாறுபாட்டிற்கு எதிராக பாதுகாக்கின்றனவா?
s46,from_bot,,,"All vaccines approved for use in India have been shown to be effective in reducing severe symptoms and reducing the risk of death. It has been researched that all vaccines are also effective against Delta and Lambda variants. One vaccine may be 5-7% better than another, but their purpose is practically the same. Getting vaccinated early is good for your and society's physical and financial health.","भारत में उपयोग के लिए स्वीकृत सभी टीकों को गंभीर लक्षणों को कम करने और मृत्यु के जोखिम को कम करने में प्रभावी दिखाया गया है। शोध से यह भी पता चला है कि सभी टीके डेल्टा और लैम्ब्डा वेरिएंट के खिलाफ प्रभावी हैं। एक टीका दूसरे की तुलना में 5-7% बेहतर हो सकता है, लेकिन उनका उद्देश्य व्यावहारिक रूप से एक ही है। जल्दी टीका लगवाना आपके और समाज के शारीरिक और आर्थिक स्वास्थ्य के लिए अच्छा है।","ഇന്ത്യയിൽ ഉപയോഗിക്കുന്നതിന് അംഗീകരിക്കുന്നതിന് എല്ലാ വാക്സിനുകളും കഠിനമായ ലക്ഷണങ്ങൾ കുറയ്ക്കുന്നതിനും മരണ സാധ്യത കുറയ്ക്കുന്നതിനും ഫലപ്രദമാണെന്ന് തെളിയിക്കപ്പെട്ടിട്ടുണ്ട്. ഡെൽറ്റ, ലാംഡ വേരിയന്റുകൾക്കെതിരെ എല്ലാ വാക്സിൻസുകളും ഫലപ്രദമാണെന്ന് ഗവേഷണം നടത്തി. ഒരു വാക്സിൻ മറ്റൊന്നിനേക്കാൾ 5-7% മികച്ചതാകാം, പക്ഷേ അവയുടെ ഉദ്ദേശ്യം പ്രായോഗികമായി ഒന്നുതന്നെയാണ്. വാക്സിനേഷൻ നേരത്തെ കൈവരിക്കുന്നത് നിങ്ങളുടെ, സമൂഹത്തിന്റെ ശാരീരികവും സാമ്പത്തിക ആരോഗ്യത്തിനും നല്ലതാണ്.","ଭାରତରେ ବ୍ୟବହାର ପାଇଁ ଅନୁମୋଦିତ ସମସ୍ତ ଟାକକାଭିନମାନେ ଭାରତର ଲକ୍ଷଣ ହ୍ରାସ କରିବାରେ ପ୍ରଭାବଶାଳୀ ଏବଂ ମୃତ୍ୟୁ ବିପଦକୁ ହ୍ରାସ କରିବାରେ ପ୍ରଭାବଶାଳୀ ଭାବରେ ଦେଖାଯାଇଛନ୍ତି। ଏହା ଏକାସାଙ୍ଗରେ ଡେଲଟା ଏବଂ ଲୋମବଡା ପ୍ରକାର ବିରୁଦ୍ଧରେ ମଧ୍ୟ ପ୍ରଭାବଶାଳୀ ଅଟେ | ଗୋଟିଏ ଟିକା ଅନ୍ୟକୁ ଅପେକ୍ଷା 5-7% ଭଲ ହୋଇପାରେ, କିନ୍ତୁ ସେମାନଙ୍କର ଉଦ୍ଦେଶ୍ୟଟି ପ୍ରାୟ ସମାନ | ଟୀକାକରଣ ଶୀଘ୍ର ତୁମର ଏବଂ ସମାଜର ଶାରୀରିକ ଏବଂ ଆର୍ଥିକ ସ୍ୱାସ୍ଥ୍ୟ ପାଇଁ ଭଲ |","ભારતમાં ઉપયોગ માટે મંજૂર કરાયેલ તમામ રસી ગંભીર લક્ષણો ઓછા કરવા અને મૃત્યુની સંભાવના ઘટાડવા માટે અસરકારક સાબિત થયેલ છે. બધી રસીઓ ડેલ્ટા અને લેમ્બડા વેરિયન્ટ સામે પણ અસરકારક છે તે સંશોધન કરવામાં આવ્યું છે. એક રસી બીજા કરતા 5-7% વધુ સારી હોઇ શકે છે, પરંતુ વ્યવહારીક રીતે તેમનો હેતુ સમાન છે. જલદી રસીકરણ કરવું એ તમારા અને સમાજ ના શારીરિક અને આર્થિક સ્વાસ્થ્ય માટે ઉચિત છે.","भारतातील वापरल्या जाणार्या सर्व लस गंभीर लक्षणे कमी करण्यासाठी आणि मृत्यूच्या जोखीम कमी करण्यासाठी प्रभावी असल्याचे दर्शविले गेले आहे. हे संशोधन केले गेले आहे की डेल्टा आणि लंबडा व्हेरिएंट्सविरुद्ध सर्व लस प्रभावी आहेत. एक लसी दुसर्या पेक्षा 5-7% पेक्षा अधिक असू शकते, परंतु त्यांचा उद्देश व्यावहारिकपणे समान आहे. आपल्या आणि समाजाच्या शारीरिक आणि आर्थिक आरोग्यासाठी लवकर लसीकरण करणे चांगले आहे.",ভারতে ব্যবহারের জন্য অনুমোদিত সমস্ত টিকা গুরুতর উপসর্গ হ্রাস এবং মৃত্যুর ঝুঁকি হ্রাসে কার্যকর হতে দেখানো হয়েছে। এটি গবেষণা করা হয়েছে যে সমস্ত টিকা ডেল্টা এবং লাম্বদা বৈকল্পিকের বিরুদ্ধেও কার্যকর। এক টিকা অন্যের তুলনায় 5-7% ভাল হতে পারে তবে তাদের উদ্দেশ্যটি কার্যকরীভাবে একই। আপনার এবং সমাজের শারীরিক ও আর্থিক স্বাস্থ্যের জন্য প্রাথমিক দিক থেকে ভাল।,"ಭಾರತದಲ್ಲಿ ಬಳಕೆಗೆ ಅನುಮೋದಿಸಲಾದ ಎಲ್ಲಾ ಲಸಿಕೆಗಳು ತೀವ್ರವಾದ ರೋಗಲಕ್ಷಣಗಳನ್ನು ಕಡಿಮೆ ಮಾಡಲು ಮತ್ತು ಸಾವಿನ ಅಪಾಯವನ್ನು ಕಡಿಮೆ ಮಾಡಲು ಪರಿಣಾಮಕಾರಿ ಎಂದು ತೋರಿಸಲಾಗಿದೆ. ಡೆಲ್ಟಾ ಮತ್ತು ಲ್ಯಾಂಬ್ಡಾ ರೂಪಾಂತರಗಳ ವಿರುದ್ಧ ಎಲ್ಲಾ ಲಸಿಕೆಗಳು ಸಹ ಪರಿಣಾಮಕಾರಿ ಎಂದು ಸಂಶೋಧಿಸಲಾಗಿದೆ. ಒಂದು ಲಸಿಕೆ 5-7% ನಷ್ಟು ಉತ್ತಮವಾಗಬಹುದು, ಆದರೆ ಅವರ ಉದ್ದೇಶವು ಪ್ರಾಯೋಗಿಕವಾಗಿ ಒಂದೇ ಆಗಿರುತ್ತದೆ. ನಿಮ್ಮ ಮತ್ತು ಸಮಾಜದ ದೈಹಿಕ ಮತ್ತು ಆರ್ಥಿಕ ಆರೋಗ್ಯಕ್ಕೆ ಮುಂಚಿನ ಲಸಿಕೆಯನ್ನು ಪಡೆಯುವುದು ಒಳ್ಳೆಯದು.","இந்தியாவில் பயன்படுத்த ஒப்புதல் வழங்கப்பட்ட அனைத்து தடுப்பூசிகளும் கடுமையான அறிகுறிகளைக் குறைப்பதில் மற்றும் மரண அபாயத்தை குறைப்பதில் பயனுள்ளதாக இருக்கும். டெல்டா மற்றும் லாம்ப்டா மாறுபாடுகளுக்கு எதிராக அனைத்து தடுப்பூசிகளும் பயனுள்ளதாக இருக்கும் என்று ஆராய்ச்சி செய்யப்பட்டது. ஒரு தடுப்பூசி மற்றொரு விட 5-7% நன்றாக இருக்கலாம், ஆனால் அவர்களின் நோக்கம் நடைமுறையில் அதே தான். ஆரம்பத்தில் தடுப்பூசி ஆரம்பிக்க உங்கள் மற்றும் சமுதாயத்தின் உடல் மற்றும் நிதி ஆரோக்கியம் நல்லது."
s47,from_user,s48,"s59,s33,s35,s37,s39,s41,s43,s45,s47,s49,s51,s53,s65",Can I take doses of two different vaccines? Is vaccine mixing safe?,क्या मैं दो अलग-अलग टीकों की डोज़ ले सकता हूं? क्या वैक्सीन मिक्सिंग सुरक्षित है?,എനിക്ക് രണ്ട് വ്യത്യസ്ത വാക്സിനുകളുടെ ഡോസുകൾ എടുക്കാമോ? വാക്സിൻ മിക്സിംഗ് സുരക്ഷിതമാണോ?,ମୁଁ ଦୁଇଟି ଭିନ୍ନ ଟିକା ର ମାତ୍ରା ନେଇପାରିବି କି ?  ଟିକା ମିଶ୍ରଣ ସୁରକ୍ଷିତ କି ?,શું હું બે અલગ અલગ રસીના ડોઝ લઈ શકું છું? શું રસી મિશ્રણ સલામત છે?,मी दोन वेगवेगळ्या लसींचा डोस घेऊ शकतो का? लस सुरक्षित आहे का?,আমি কি দুটি ভিন্ন ভ্যাকসিনের ডোজ নিতে পারি? নিরাপদ মিশ্রন নিরাপদ?,ನಾನು ಎರಡು ವಿಭಿನ್ನ ಲಸಿಕೆಗಳ ಪ್ರಮಾಣವನ್ನು ತೆಗೆದುಕೊಳ್ಳಬಹುದೇ? ಲಸಿಕೆಯು ಸುರಕ್ಷಿತವಾಗಿ ಮಿಶ್ರಣವಾಗಿದೆಯೇ?,நான் இரண்டு வெவ்வேறு தடுப்பூசிகளின் அளவுகளை எடுத்துக்கொள்ளலாமா? தடுப்பூசி கலந்த கலவை?
s48,from_bot,,,"There have been a few trials of mixing vaccines. The studies have largely focused on taking a second dose of mRNA vaccine like Pfizer or Moderna after taking an initial dose of other vaccines, largely Oxford Astra-Zeneca. It is generally safe to take two doses of different vaccines, like for example first dose of Oxford Astra-Zeneca and second dose of Moderna. However, any such mixing of the vaccine should be done after taking the input of a medical professional.","वैक्सीन मिश्रण के साथ कुछ प्रयोग हुए हैं। अध्ययन मुख्य रूप से ऑक्सफोर्ड एस्ट्रा-जेनेका (कोविशील्ड) वैक्सीन की प्रारंभिक खुराक के बाद फाइजर या मॉडर्ना जैसे एमआरएनए वैक्सीन की दूसरी खुराक लेने की सुरक्षा पर केंद्रित है। इस शोध के अनुसार अलग-अलग टीकों की दो खुराक लेना सुरक्षित है, उदाहरण के लिए ऑक्सफोर्ड एस्ट्रा-जेनेका की पहली खुराक और मॉडर्ना की दूसरी खुराक। हालांकि, ऐसा कोई भी टीका डॉक्टर से सलाह लेने के बाद ही लगाया जाना चाहिए।","പാഠങ്ങൾ മിക്സിംഗ് ചെയ്യുന്നതിന്റെ കുറച്ച് പരീക്ഷണങ്ങൾ നടന്നിട്ടുണ്ട്. മറ്റ് വാക്സിനേഷന്റെ പ്രാരംഭ ഡോസ്, മേലാൽ ഓക്സ്ഫോർഡ് ആസ്ട്ര-സെൻസെക്ക എന്ന പ്രാഥമിക ഡോസ് സ്വീകരിച്ചതിന് ശേഷം പഠനങ്ങൾ പിഎഫ്ഐസർ അല്ലെങ്കിൽ മോതിര എന്ന രണ്ടാം ഡോസ് എടുക്കുന്നതിനായി ശ്രദ്ധ കേന്ദ്രീകരിച്ചിട്ടുണ്ട്. വ്യത്യസ്ത വാക്സിനുകൾ രണ്ട് ഡോസുകൾ എടുക്കുന്നത് സുരക്ഷിതമാണ്, ഉദാ ഉദാഹരണത്തിന് ഓക്സ്ഫോർഡ് ആസ്ട്ര-സെനെക്ക, 60 ഡോസ് മോതിര എന്നിവയുടെ ആദ്യ ഡോസ്. എന്നിരുന്നാലും, ഒരു മെഡിക്കൽ പ്രൊഫഷണലിന്റെ ഇൻപുട്ട് എടുത്തതിന് ശേഷം വാക്സിൻ അത്തരം ചേരുന്നത് നടത്തണം.","ମିକ୍ସିଂ ଟିକାଶର କିଛି ପରୀକ୍ଷା ହୋଇଛି | ଅନ୍ୟ ଟୀକାକରଣର ପ୍ରାରମ୍ଭିକ କିମ୍ବା ମୋଡେରାଙ୍କ ଦ୍ୱିତୀୟ ମେକ୍ୱାଇନ୍ ପରି ଚେନି ଟାକ୍କିନର ଦ୍ୱିତୀୟ ମେକେକାଇନ୍ ନେଇ ଏକ ଦ୍ୱିତୀୟ ମେକେନ୍ ଗ୍ରହଣ କରିସ୍ୟୁଲ୍ ହୋଇଛି, ମୁଖ୍ୟତ ox ଅକ୍ସଫୋର୍ଡ ଆଷ୍ଟ୍ରା-ଜେନେକା | ଏହା ସାଧାରଣତ people ଭିନ୍ନ ଭିନ୍ନ ଭ୍ୟାକ୍ଲିନ୍ ନେବି ସୁରକ୍ଷିତ ଅଟେ, ଯେପରି ଉଦାହରଣ ସ୍ୱରୂପ ଅକ୍ସଫୋର୍ଡ ଆଷ୍ଟ୍ରା-ଜେଙ୍କଙ୍କା ଏବଂ ଦ୍ୱିତୀୟ ଡୋ ମେଜରନାଙ୍କର ଦ୍ୱିତୀୟ ଡୋଜ୍ | ଅବଶ୍ୟ, ଭ୍ୟାକ୍ସାଇନ୍ ର ଯେକ any ଣସି ମିଶ୍ରଣ ଏକ ମେଡିକାଲ ବୃତ୍ତିଗତଙ୍କ ଇନପୁଟ୍ ନେବା ପରେ କରାଯିବା ପରେ କରାଯିବା ଉଚିତ୍ |","રસી મિશ્રણ ના કેટલાક પ્રયોગ કરવામાં આવ્યા છે. અધ્યયન મુખ્યત્વે ઓક્સફોર્ડ એસ્ટ્રા-ઝેનેકા (કોવીશીલ્ડ) રસીના પ્રારંભિક ડોઝ પછી ફાઇઝર અથવા મોડર્ના જેવા mRNA રસીનો બીજો ડોઝ લેવાની સલામતી પર કેન્દ્રિત છે. આ સંશોધનો પ્રમાણે અલગ અલગ રસીના બે ડોઝ લેવું સલામત છે, ઉદાહરણ તરીકે ઓક્સફોર્ડ એસ્ટ્રા-ઝેનેકાનો પ્રથમ ડોઝ અને મોડર્નાનો બીજો ડોઝ. જો કે, આ પ્રકારની કોઈપણ રસીનું મિશ્રણ ડોક્ટર ની સલાહ લીધા પછી જ કરવું જોઈએ.","लस मिसळण्याचे काही ट्रायल्स आहेत. मुख्यतः ऑक्सफोर्ड अॅस्ट्र्रा-झेनेका यांच्या प्रारंभिक डोस घेण्याआधी पफायझर किंवा आधुनिक मुफिट्ससारख्या एमआरएनए लसचे दुसरे डोस घेण्यावर अभ्यास मोठ्या प्रमाणात लक्ष केंद्रित करतो. बर्याचदा वेगवेगळ्या लसांच्या दोन डोस घेणे सुरक्षित आहे, उदाहरणार्थ ऑक्सफर्ड अॅस्ट्रा-झेंका आणि आधुनिकतेचे दुसरे डोस. तथापि, वैद्यकीय व्यावसायिकांच्या इनपुट घेतल्यानंतर लस चे मिश्रण केले पाहिजे.","মিশ্রণ ভ্যাকসিন কয়েক ট্রায়াল হয়েছে। গবেষণায় অন্যান্য টিকা, মূলত অক্সফোর্ড Astra-jeneca একটি প্রাথমিক ডোজ গ্রহণ করার পরে Pfizer বা আধুনিকা মত MRNA ভ্যাকসিনের দ্বিতীয় ডোজ গ্রহণের উপর দৃষ্টি নিবদ্ধ করা হয়েছে। বিভিন্ন ভ্যাকসিনের দুটি মাত্রা নিতে নিরাপদ, যেমন অক্সফোর্ড এস্ট্রা-জেনেসা এবং আধুনিকের দ্বিতীয় ডোজ উদাহরণস্বরূপ। যাইহোক, একটি মেডিকেল পেশাদার ইনপুট গ্রহণের পরে ভ্যাকসিনের যে কোনও মিশ্রণ করা উচিত।","ಮಿಕ್ಸಿಂಗ್ ಲಸಿಕೆಗಳ ಕೆಲವು ಪ್ರಯೋಗಗಳು ಇವೆ. ಇತರ ಲಸಿಕೆಗಳ ಆರಂಭಿಕ ಡೋಸ್ ಅನ್ನು ತೆಗೆದುಕೊಂಡ ನಂತರ ಫಿಜರ್ ಅಥವಾ ಆಧುನಿಕ ಮುಂತಾದ ಎಂಆರ್ಎನ್ಎ ಲಸಿಕೆಯ ಎರಡನೇ ಡೋಸ್ ಅನ್ನು ತೆಗೆದುಕೊಳ್ಳುವಲ್ಲಿ ಅಧ್ಯಯನಗಳು ಹೆಚ್ಚಾಗಿ ಗಮನಹರಿಸಿವೆ. ಸಾಮಾನ್ಯವಾಗಿ ವಿವಿಧ ಲಸಿಕೆಗಳ ಎರಡು ಪ್ರಮಾಣಗಳನ್ನು ತೆಗೆದುಕೊಳ್ಳಲು ಸುರಕ್ಷಿತವಾಗಿರುತ್ತದೆ, ಉದಾಹರಣೆಗೆ ಆಕ್ಸ್ಫರ್ಡ್ ಅಸ್ಟ್ರಾ-ಝೆನೆಕಾ ಮತ್ತು ಆಧುನಿಕ ಪ್ರಮಾಣದಲ್ಲಿ ಮೊದಲ ಡೋಸ್. ಆದಾಗ್ಯೂ, ವೈದ್ಯಕೀಯ ವೃತ್ತಿಪರರ ಇನ್ಪುಟ್ ತೆಗೆದುಕೊಂಡ ನಂತರ ಲಸಿಕೆಯ ಯಾವುದೇ ಮಿಶ್ರಣವನ್ನು ಮಾಡಬೇಕು.","கலப்பு தடுப்பூசிகளின் சில சோதனைகள் இருந்தன. மற்ற தடுப்பூசி, பெரும்பாலும் ஆக்ஸ்போர்டு அஸ்ட்ரா-ஜென்னேகா, மற்ற தடுப்பூசிகளின் ஆரம்ப அளவை எடுத்து பின்னர் Pfizer அல்லது Moderna போன்ற Mrna தடுப்பூசி இரண்டாவது டோஸ் இரண்டாவது டோஸ் இரண்டாவது டோஸ் எடுத்து கவனம் செலுத்துகிறது. இது பல்வேறு தடுப்பூசிகளின் இரண்டு அளவுகளை எடுத்துக்கொள்வது பொதுவாக பாதுகாப்பானது, உதாரணமாக ஆக்ஸ்போர்டு அஸ்ட்ரா-ஜென்னிகா மற்றும் மோடாவின் இரண்டாவது டோஸ் ஆகியவற்றைப் போன்றது. இருப்பினும், ஒரு மருத்துவ தொழில்முறை உள்ளீடு உள்ளீடு எடுத்து பின்னர் தடுப்பூசி எந்த கலவை செய்ய வேண்டும்."
s49,from_user,s48,"s59,s33,s35,s37,s39,s41,s43,s45,s47,s49,s51,s53,s65",Can I get revaccinated with a completely different vaccine?,क्या मैं पूरी तरह से अलग ठीके से फिर से टीकाकरण करवा सकता है?,തികച്ചും വ്യത്യസ്തമായ വാക്സിൻ ഉപയോഗിച്ച് എനിക്ക് പുനരവലോകനം ചെയ്യാൻ കഴിയുമോ?,ମୁଁ ସମ୍ପୂର୍ଣ୍ଣ ଭିନ୍ନ ଟିକା ସହିତ ପୁନର୍ବାର ଟୀକାକରଣ କରିପାରିବି କି ?,શું હું સંપૂર્ણપણે અલગ રસી દ્વારા ફરીથી રસીકરણ કરાવી શકું છું?,मी पूर्णपणे वेगळ्या लस सह पुनर्प्राप्त करू शकता?,আমি একটি সম্পূর্ণ ভিন্ন ভ্যাকসিন সঙ্গে revaccoinated পেতে পারি?,ನಾನು ಸಂಪೂರ್ಣವಾಗಿ ವಿಭಿನ್ನ ಲಸಿಕೆಯಿಂದ ಮರುಸೃಷ್ಟಿಸಬಹುದು?,முற்றிலும் வித்தியாசமான தடுப்பூசி மூலம் refaccinated பெற முடியுமா?
s50,from_bot,,,"As per current studies, people who have previously received a vector based vaccine (like Covishield) or an inactivated vaccine (like Covaxin) can get revaccinated with an mRNA vaccine (like Pfizer or Moderna). Getting vaccinated again with another vector based vaccine has not been investigated.","वर्तमान शोध से पता चलता है कि जिन लोगों को पहले एक वेक्टर-आधारित टीका (जैसे कोविशील्ड) या एक निष्क्रिय वायरस टीका (जैसे कोवासिन) प्राप्त हुआ है, उन्हें अतिरिक्त रूप से एमआरएनए वैक्सीन (फाइजर या मॉडेर्ना) के साथ टीका लगाया जा सकता है। वर्तमान में किसी अन्य वेक्टर आधारित टीके के साथ पुन: टीकाकरण पर कोई शोध नहीं हुआ है।","നിലവിലെ പഠനങ്ങൾ പ്രകാരം, മുമ്പ് ഒരു വെക്റ്റർ അടിസ്ഥാനമാക്കിയുള്ള വാക്സിൻ (ഉടമ്പടി പോലുള്ളവ) അല്ലെങ്കിൽ നിർജ്ജീവമാക്കിയ വാക്സിൻ (കോപാക്സിൻ പോലുള്ള വാക്സിൻ പോലെ) ഒരു മിന്നാ വാക്സിൻ പോലെ (പിഎഫ്എസർ അല്ലെങ്കിൽ മോതിര പോലുള്ളവ) പുനരധിവസിപ്പിക്കാൻ കഴിയും. മറ്റൊരു വെക്റ്റർ അടിസ്ഥാനമാക്കിയുള്ള വാക്സിന് വീണ്ടും വാക്സിനേഷൻ ലഭിക്കുന്നത് അന്വേഷിച്ചിട്ടില്ല.","ସାମ୍ପ୍ରତିକ ଅଧ୍ୟୟନ ଅନୁଯାୟୀ, ଯେଉଁମାନେ ପୂର୍ବରୁ ଏକ ଭେକ୍ଟର ଆଧାରିତ ଟିକା (COVRESTIOS) ପରି) କିମ୍ବା ଏକ ନିଷ୍କ୍ରିୟ ଟିକା (PFIXER କିମ୍ବା Moderna ପରି) ପୁନ rec ପ୍ରକାଶ କରିପାରିବେ | ଅନ୍ୟ ଭେକ୍ଟର ଆଧାରିତ ଟିକା ସହିତ ପୁନର୍ବାର ଟୀକାକରଣ କରିବା ଅନୁସନ୍ଧାନ କରାଯାଇ ନାହିଁ |","વર્તમાન શંસોધનો પ્રમાણે જે લોકો અગાઉ થી વેક્ટર બેસ્ડ વેક્સીન (કોવિશિલ્ડ જેવા) અથવા ઇનએક્ટિવેટેડ વાઇરસ વેક્સીન (કોવાક્સિન જેવા) પ્રાપ્ત કરી ચૂક્યા છે, તેઓને એમઆરએનએ (ફાઇઝર અથવા મોડર્નના જેવી) રસી સાથે વધારાનું રસીકરણ કરાવી શકાય છે. હાલ માં બીજી વેક્ટર આધારિત રસી સાથે ફરીથી રસી લેવાનું શંસોધન નથી થયું.","सध्याच्या अभ्यासानुसार, पूर्वीचे लोक व्हेक्टर आधारित लसी (जसे की कॉवानिइल्ड) किंवा निष्क्रिय लस (जसे की कॉव्पेक्सिन) प्राप्त झाले आहे. दुसर्या वेक्टर आधारित लसीसह पुन्हा लसीकरण करणे तपासले गेले नाही.","বর্তমান গবেষণার ভিত্তিতে, যারা পূর্বে একটি ভেক্টর ভিত্তিক ভ্যাকসিন (মত কোভিশিল্ড) বা একটি নিষ্ক্রিয় ভ্যাকসিন (যেমন কোভ্যাক্সিনের মতো) পেয়েছেন এমন একটি এমআরএনএ ভ্যাকসিন (যেমন PFizer বা আধুনিক) এর সাথে পুনর্বিবেচনা করতে পারে। অন্য ভেক্টর ভিত্তিক ভ্যাকসিনের সাথে আবার টিকা পাওয়ার তদন্ত করা হয়নি।","ಪ್ರಸ್ತುತ ಅಧ್ಯಯನಗಳ ಪ್ರಕಾರ, ಹಿಂದೆ ವೆಕ್ಟರ್ ಆಧಾರಿತ ಲಸಿಕೆ (ಕೋವಿಂಷೀಲ್ಡ್ ನಂತಹ) ಅಥವಾ ನಿಷ್ಕ್ರಿಯಗೊಳಿಸಿದ ಲಸಿಕೆ (ಕೊವಾಕ್ಸಿನ್ ನಂತಹ) ಅನ್ನು ಮಿರ್ನಾ ಲಸಿಕೆ (ಫಿಜರ್ ಅಥವಾ ಮಾಡರ್ನ ನಂತಹ) ಪುನಃ ಪಡೆದುಕೊಳ್ಳಬಹುದು. ಮತ್ತೊಂದು ವೆಕ್ಟರ್ ಆಧಾರಿತ ಲಸಿಕೆಗಳೊಂದಿಗೆ ಮತ್ತೆ ಲಸಿಕೆಯನ್ನು ಪಡೆಯುವುದು ತನಿಖೆ ಮಾಡಲಾಗಿಲ್ಲ.","நடப்பு ஆய்வுகள் படி, முன்னர் ஒரு வெக்டார் அடிப்படையிலான தடுப்பூசி (CoviShield போன்ற) அல்லது ஒரு செயலிழந்த தடுப்பூசி (கோவாக்சின் போன்றவை) ஒரு செயலற்ற தடுப்பூசி (Pfizer அல்லது Moderna போன்றவை) சீரற்ற பெற முடியும். மற்றொரு திசையன் அடிப்படையிலான தடுப்பூசி கொண்டு மீண்டும் தடுப்பூசி பெறுவது விசாரணை செய்யப்படவில்லை."
s51,from_user,s16,"s17,s56,s15,s52,s53,s65",Go back,वापस जाओ,മടങ്ങിപ്പോവുക,ଫେରିଯାଅ,પાછા જાવ,परत जा,ফিরে যাও,ಹಿಂದೆ ಹೋಗು,மீண்டும் செல்லுங்கள்
s52,from_user,s2,"s3,s4,s65",Start again,फिर से शुरू करें,വീണ്ടും ആരംഭിക്കുക,ପୁନର୍ବାର ଆରମ୍ଭ କର |,ફરી શરૂ કરો,पुन्हा सुरू करा,আবার শুরু,ಮತ್ತೆ ಪ್ರಾರಂಭಿಸಿ,மீண்டும் தொடங்க
s53,from_user,s54,"s52,s65",End conversation,बातचीत समाप्त करें,അവസാന സംഭാഷണം,ବର୍ତ୍ତାଳାପ ସମାପ୍ତ,વાતચીત સમાપ્ત કરો,समाप्ती संभाषण,শেষ কথোপকথন,ಅಂತ್ಯ ಸಂಭಾಷಣೆ,முடிவு உரையாடல்
s54,from_bot,,,"Thanks for using @Covid19_vax_bot. Hope this bot helped you. This bot is an initiative of covid19india.org. To book a vaccination appointment or download your vaccination certificate, visit https://www.cowin.gov.in/. Visit https://www.covid19india.org to know the latest data on COVID-19 in India. Remember to stay safe, wear a mask and most importantly, get vaccinated! Fill this form to give your feedback regarding the bot https://forms.gle/nBdbr58xt8Ba2ajY7","@Covid19_vax_bot का उपयोग करने के लिए धन्यवाद। आशा है कि इस बॉट ने आपकी मदद की। यह बोट covid19india.org की पहल है। टीकाकरण अपॉइंटमेंट बुक करने या अपना टीकाकरण प्रमाणपत्र डाउनलोड करने के लिए https://www.cowin.gov.in/ पर जाएं। भारत में कोविड-19 के नवीनतम आंकड़े जानने के लिए https://www.covid19india.org पर जाएं। सुरक्षित रहना याद रखें, मास्क पहनें और सबसे महत्वपूर्ण बात यह है कि टीका लगवाएं! बॉट के संबंध में अपनी प्रतिपुष्टि देने के लिए इस फॉर्म को भरें https://forms.gle/nBdbr58xt8Ba2ajY7","@ Comid19_vax_bot ഉപയോഗിച്ചതിന് നന്ദി. ഈ ബോട്ട് നിങ്ങളെ സഹായിച്ചുവെന്ന് കരുതുന്നു. ഈ ബോട്ട് COVID19 INDIA.org ന്റെ ഒരു സംരംഭമാണ്. ഒരു വാക്സിനേഷൻ കൂടിക്കാഴ്ച നടത്തുന്നതിന് അല്ലെങ്കിൽ നിങ്ങളുടെ വാക്സിനേഷൻ സർട്ടിഫിക്കറ്റ് ഡ download ൺലോഡ് ചെയ്യുക, https://www.cowin.gov.in/. ഇന്ത്യയിലെ കോയിഡ് -19 ലെ ഏറ്റവും പുതിയ ഡാറ്റ അറിയാൻ https://www.covid19india.org സന്ദർശിക്കുക. സുരക്ഷിതമായി തുടരാൻ ഓർമ്മിക്കുക, ഒരു മാസ്ക് ധരിക്കുക, വാക്സിനേഷൻ നേടുക! Bot https://forms.gl/nbdbr58xt8bajajy7- നെക്കുറിച്ച് നിങ്ങളുടെ ഫീഡ്ബാക്ക് നൽകുന്നതിന് ഈ ഫോം പൂരിപ്പിക്കുക","@ Covid19_vax_bot ବ୍ୟବହାର କରି ଧନ୍ୟବାଦ | ଆଶାକରେ ଏହି ବଟ୍ ଆପଣଙ୍କୁ ସାହାଯ୍ୟ କଲା | Covid119indiaia.org ର ଏହି ବଟ୍ ହେଉଛି ଏକ ଯୋଜନା | ଏକ ଟୀକାକରଣ ନିଯୁକ୍ତି ବୁକ୍ କରିବାକୁ କିମ୍ବା ଆପଣଙ୍କର ଟୀକାକରଣ ପ୍ରମାଣପତ୍ର ଡାଉନଲୋଡ୍ କରିବାକୁ, https://www.co.gov.in/ ପରିଦର୍ଶନ କରନ୍ତୁ | ଭାରତର COLD-19 ରେ ସର୍ବଶେଷ ତଥ୍ୟ ଜାଣିବା ପାଇଁ https://wwwo.cior.org କୁ ପରିଦର୍ଶନ କରନ୍ତୁ | ନିରାପଦ ରହିବାକୁ ମନେରଖ, ଏକ ମାସ୍କ ପିନ୍ଧ ଏବଂ ସବୁଠାରୁ ଗୁରୁତ୍ୱପୂର୍ଣ୍ଣ କଥା ହୁଅ, ଟୀକାକରଣ କର! ଏହି ଫର୍ମ ପୂରଣ କରିବାକୁ ଏହି ଫର୍ମ ପୁରଣ କରନ୍ତୁ abts.gelbbr5be2ne2ajy7 ସମ୍ବନ୍ଧରେ ଆପଣଙ୍କର ମତାମତ ଦିଅନ୍ତୁ |","@ Covid19_vax_bot નો ઉપયોગ કરવા બદલ આભાર. આશા છે કે આ બોટ તમને મદદરૂપ રહ્યું. આ covid19india.org ની પહેલ છે. રસીકરણની અપોઈન્ટમેન્ટ બુક કરવા અથવા તમારું રસીકરણ પ્રમાણપત્ર ડાઉનલોડ કરવા માટે https://www.cowin.gov.in/ ની મુલાકાત લો. ભારતમાં કોવિડ -19 પર અદ્યતન આંકડા જાણવા માટે https://www.covid19india.org ની મુલાકાત લો. સલામત રહેવાનું યાદ રાખો, માસ્ક પહેરો અને સૌથી અગત્યનું, રસી લો! બોટ સંબંધિત તમારા ફીડબેક આપવા આ ફોર્મ ભરવું https://forms.gle/nBdbr58xt8Ba2ajY7","@ Covid19_VAX_BOT वापरल्याबद्दल धन्यवाद. आशा आहे की या बॉटने आपल्याला मदत केली. हे बॉट Covid19india.org ची पुढाकार आहे. लसीकरण नियुक्ती बुक करण्यासाठी किंवा आपली लसीकरण प्रमाणपत्र डाउनलोड करण्यासाठी, https://www.cowin.gov.in/ ला भेट द्या. भारतातील कॉव्हिड -1 9 वर नवीनतम डेटा जाणून घेण्यासाठी https://www.covid19india.org ला भेट द्या. सुरक्षित राहण्याची आठवण ठेवा, मास्क आणि सर्वात महत्त्वाचे म्हणजे, लसीकरण मिळवा! बीट https://forms.gle / nnbdbr58xt8ba2ajy7 बद्दल आपला अभिप्राय देण्यासाठी हा फॉर्म भरा","@ Covid19_vax_bot ব্যবহার করার জন্য ধন্যবাদ। এই বট আপনাকে সাহায্য করেছে আশা করি। এই বট Covid19india.org একটি উদ্যোগ। একটি টিকা নিয়োগের জন্য বা আপনার টিকা শংসাপত্র ডাউনলোড করতে, https://www.cowin.gov.in/ দেখুন। Covid-19 এর সর্বশেষ তথ্য জানতে HTTPS://www.covid19india.org এ যান। নিরাপদ থাকার কথা মনে রাখুন, একটি মাস্ক পরিধান করুন এবং সবচেয়ে গুরুত্বপূর্ণভাবে, টিকা পান! BOT HTTPS://forms.ple/nbdbr58xt8ba2ajy7 সম্পর্কে আপনার প্রতিক্রিয়া দেওয়ার জন্য এই ফর্মটি পূরণ করুন","@ Covid19_vax_bot ಅನ್ನು ಬಳಸಿದ್ದಕ್ಕಾಗಿ ಧನ್ಯವಾದಗಳು. ಈ ಬೋಟ್ ನಿಮಗೆ ಸಹಾಯ ಮಾಡಿದೆ ಎಂದು ಭಾವಿಸುತ್ತೇವೆ. ಈ ಬೋಟ್ covid19india.org ನ ಉಪಕ್ರಮವಾಗಿದೆ. ವ್ಯಾಕ್ಸಿನೇಷನ್ ನೇಮಕಾತಿಯನ್ನು ಅಥವಾ ನಿಮ್ಮ ವ್ಯಾಕ್ಸಿನೇಷನ್ ಪ್ರಮಾಣಪತ್ರವನ್ನು ಡೌನ್ಲೋಡ್ ಮಾಡಲು, https://www.cowin.gov.in/ ಗೆ ಭೇಟಿ ನೀಡಿ. HTTPS://www.covid19india.org ಗೆ ಭೇಟಿ ನೀಡಿ, ಭಾರತದಲ್ಲಿ ಕೋವಿಡ್ -1 -19 ನಲ್ಲಿ ಇತ್ತೀಚಿನ ಡೇಟಾವನ್ನು ತಿಳಿಯಲು. ಸುರಕ್ಷಿತವಾಗಿ ಉಳಿಯಲು ನೆನಪಿಡಿ, ಮುಖವಾಡ ಧರಿಸುತ್ತಾರೆ ಮತ್ತು ಮುಖ್ಯವಾಗಿ, ಲಸಿಕೆಯನ್ನು ಪಡೆಯಿರಿ! ಬೋಟ್ https://forms.gle/nbdbr58xt8ba2ajy7 ಬಗ್ಗೆ ನಿಮ್ಮ ಪ್ರತಿಕ್ರಿಯೆಯನ್ನು ನೀಡಲು ಈ ಫಾರ್ಮ್ ಅನ್ನು ಭರ್ತಿ ಮಾಡಿ","@ Covid19_vax_bot ஐப் பயன்படுத்துவதற்கு நன்றி. இந்த போட் உங்களுக்கு உதவியது என்று நம்புகிறேன். இந்த போட் covid19india.org ஒரு முன்முயற்சி ஆகும். தடுப்பூசி நியமனம் பதிவு அல்லது உங்கள் தடுப்பூசி சான்றிதழ் பதிவிறக்க, https://www.cowin.gov.in/. இந்தியாவில் Covid-19 இல் சமீபத்திய தரவை அறிய https://www.covid18india.org ஐப் பார்வையிடவும். பாதுகாப்பாக இருக்க நினைவில், ஒரு மாஸ்க் அணிய மற்றும் மிக முக்கியமாக, தடுப்பூசி பெற! BOT தொடர்பாக உங்கள் கருத்துக்களை வழங்க இந்த படிவத்தை நிரப்பவும்."
s58,from_user,s60,"s58,s27,s29,s31,s51,s53,s65",Are there any general precautions I should take after getting vaccinated?,टीकाकरण के बाद मुझे सामान्य तौर पर क्या सावधानियां बरतनी चाहिए?,,,રસીકરણ પછી મારે સામાન્ય રીતે કઈ સાવચેતી રાખવી જોઈએ?,,,,
s59,from_user,s61,"s59,s33,s35,s37,s39,s41,s43,s45,s47,s49,s51,s53,s65",Should I get any blood tests before or after getting vaccinated?,क्या टीकाकरण के पहले या बाद में मुझे कोई ब्लड टेस्ट करवाने की आवश्यकता है?,,,શું મારે રસીકરણ પહેલાં અથવા પછી કોઈ બ્લડ ટેસ્ટ કરાવવાની જરૂરત છે?,,,,
s60,from_bot,,,"It is advisable to take a day off work and rest on the day of vaccination and the day after getting vaccinated. Drink plenty of water and avoid strenuous activities including exercise and going to the gym.  By avoiding full activities, you are dedicated to making the disease resistive power produced by vaccination to your body resources. ",टीकाकरण और टीकाकरण के बाद वाले दिन छुट्टी लेकर आराम करना उचित है। बहुत सारा पानी पीएं और व्यायाम जैसि रोपण गतिविधिया ना करे। पूर्ण गतिविधियों से बचकर आप अपने शरीर के संसाधनों को टीकाकरण से उत्पादित रोग प्रतिरोधक शक्ति बनाने में समर्पित कर रहे हैं।,,,રસીકરણ અને રસીકરણ પછીના દિવસે રજા લઈને આરામ કરવું ઉચિત છે. પુષ્કળ પાણી પીવો અને કસરત જેવી શરીરને થકાવતી પ્રવૃત્તિઓ ટાળો. સંપૂર્ણ પ્રવૃત્તિઓને ટાળીને તમે તમારા શરીરને રોગપ્રતિકારકતા ઉત્પન્ન કરવા માટે તેના સંસાધનોને સમર્પિત કરી રહ્યાં છો.,,,,
s61,from_bot,,,There is no requirement of getting any blood tests before or after vaccination.,टीकाकरण से पहले या बाद में कोई ब्लड टेस्ट करवाने की आवश्यकता नहीं है।,,,રસીકરણ પહેલાં અથવા પછી કોઈ બ્લડ ટેસ્ટ મેળવવાની જરૂર નથી.,,,,
s62,from_user,s63,"s66,s67,s68,s69,s70,s71,s72,s73,s74",/start,/start,/start,/start,/start,/start,/start,/start,/start
s63,from_bot,,,Select Language,,,,,,,,
s64,from_user,s63,"s66,s67,s68,s69,s70,s71,s72,s73,s74",/change-language,,,,,,,,
s65,from_user,s63,"s66,s67,s68,s69,s70,s71,s72,s73,s74",Change Language,Change Language,Change Language,Change Language,Change Language,Change Language,Change Language,Change Language,Change Language
s66,from_user,s2,"s3,s4,s65",English,,,,,,,,
s67,from_user,s2,"s3,s4,s65",,हिंदी,,,,,,,
s68,from_user,s2,"s3,s4,s65",,,മലയാളം,,,,,,
s69,from_user,s2,"s3,s4,s65",,,,ଓଡ଼ିଆ,,,,,
s70,from_user,s2,"s3,s4,s65",,,,,ગુજરાતી,,,,
s71,from_user,s2,"s3,s4,s65",,,,,,मराठी,,,
s72,from_user,s2,"s3,s4,s65",,,,,,,বাংলা,,
s73,from_user,s2,"s3,s4,s65",,,,,,,,ಕನ್ನಡ,
s74,from_user,s2,"s3,s4,s65",,,,,,,,,தமிழ்